	pielou_e
X15.1	0.8397689215159881
X15.1053	0.7226334815715569
X15.1055	0.3999443063309571
X15.1062	0.7974172873103577
X15.1081	0.6861198692113589
X15.1083	0.7644359229364552
X15.1085	0.8290095620628387
X15.1086	0.8426980520376578
X15.1091	0.7415478467618363
X15.1092	0.7847834587238237
X15.1095	0.8067729124853678
X15.1227	0.8329109885600935
X15.1231	0.8252459801018481
X15.1239	0.8213828756909
X15.1245	0.7300966622589674
X15.1251	0.7473689995902011
X15.1253	0.8332965733587459
X15.1254	0.8275541732055112
X15.1255	0.8056869988405668
X15.1256	0.7862083026755553
X15.1261	0.7842873953475038
X15.1262	0.7570059932004476
X15.1263	0.7432791902816989
X15.1280	0.8238576292745526
X15.1281	0.7722629984761574
X15.15	0.5430187344812518
X15.2	0.8058220422788943
X15.376	0.7899104817538102
X15.487	0.8440818802112513
X15.489	0.8099727030032795
X15.492	0.6438374857114706
X15.515	0.8069501360109311
X15.527	0.8448595571027007
X15.551	0.8372527921568133
X15.696	0.7396450332801787
X15.698	0.8219445525218316
X15.7	0.5482059893012244
X15.794	0.8390098517877262
X15.848	0.758935916541168
X15.85	0.8312808793660205
X15.850	0.8041400786982046
X15.865	0.7618099824007225
X15.909	0.748085004041539
X15.910	0.8314027535527554
X15.920	0.7976574530731003
X15.959	0.8342025733707454
X15.960	0.7998411686777551
XDNA.Neg27	0.8243462717060507
XDNA.Neg4	0.6890229556113101
XPCR.Neg3	0.7249581187636883
XVenFeb16.1007	0.8803251567642297
XVenFeb16.1008	0.5809165750726055
XVenFeb16.101	0.45036399833186475
XVenFeb16.1012	0.6922873429732878
XVenFeb16.1017	0.39118296294296223
XVenFeb16.1021	0.5218819657652308
XVenFeb16.1025	0.4499294684237513
XVenFeb16.1029	0.659625011228057
XVenFeb16.1034	0.3796245002632626
XVenFeb16.1038	0.7228507520562317
XVenFeb16.1043	0.5768570410575545
XVenFeb16.1047	0.38157655843766924
XVenFeb16.105	0.7898977890371086
XVenFeb16.1051	0.3796783326777207
XVenFeb16.1055	0.6647170309560015
XVenFeb16.1059	0.4459444802117254
XVenFeb16.1064	0.49882192702389067
XVenFeb16.1068	0.7439399667081328
XVenFeb16.107	0.6778247736545018
XVenFeb16.1086	0.838096245772448
XVenFeb16.1088	0.7199703120835874
XVenFeb16.109	0.6945683829914533
XVenFeb16.1090	0.8077008095429522
XVenFeb16.1092	0.7724420470645718
XVenFeb16.1094	0.6612324271948916
XVenFeb16.1096	0.7252814600135927
XVenFeb16.1098	0.6790584050596981
XVenFeb16.111	0.6291156381769079
XVenFeb16.113	0.640698305246176
XVenFeb16.115	0.7064881224107785
XVenFeb16.1165	0.5951947559262601
XVenFeb16.1175	0.701660528970408
XVenFeb16.1195	0.5054158194570693
XVenFeb16.12	0.7545359959122734
XVenFeb16.121	0.7049505682687841
XVenFeb16.123	0.6879922076429275
XVenFeb16.125	0.8447664402553999
XVenFeb16.127	0.5593020537985433
XVenFeb16.1270	0.8506601537282106
XVenFeb16.1276	0.8191419879491953
XVenFeb16.1282	0.8516905839335003
XVenFeb16.1288	0.751999556907744
XVenFeb16.129	0.6834203646398522
XVenFeb16.1290	0.733084377763563
XVenFeb16.1292	0.7480470247103835
XVenFeb16.1296	0.34964429722021056
XVenFeb16.1302	0.5243002753489271
XVenFeb16.1306	0.3228329139731452
XVenFeb16.131	0.5206067460594491
XVenFeb16.1310	0.41319909580124176
XVenFeb16.1318	0.3787157691366769
XVenFeb16.1322	0.2724650533918957
XVenFeb16.1326	0.5675279920040064
XVenFeb16.133	0.6885090296294674
XVenFeb16.1330	0.4289862586292008
XVenFeb16.1334	0.4666330377529689
XVenFeb16.1338	0.37272696808621036
XVenFeb16.1342	0.5782196113803774
XVenFeb16.1346	0.5305960777763169
XVenFeb16.135	0.7030755198441513
XVenFeb16.1350	0.542850764938215
XVenFeb16.1354	0.31567973629583357
XVenFeb16.1358	0.4982369610638955
XVenFeb16.1362	0.6376187288201202
XVenFeb16.1366	0.4865742070012351
XVenFeb16.137	0.7297606590320761
XVenFeb16.141	0.7256283618181958
XVenFeb16.143	0.6694083839841561
XVenFeb16.145	0.754253525417533
XVenFeb16.147	0.6220118533465028
XVenFeb16.149	0.6817116194537192
XVenFeb16.157	0.47857660500898136
XVenFeb16.1601	0.6901631723613767
XVenFeb16.1602	0.7330874017331922
XVenFeb16.1603	0.8224966364690977
XVenFeb16.1604	0.6400142495937967
XVenFeb16.1605	0.7723224095852512
XVenFeb16.1606	0.805061834494962
XVenFeb16.1607	0.7731192222482993
XVenFeb16.1609	0.7543422255218725
XVenFeb16.161	0.49646726152038884
XVenFeb16.1611	0.7431384356059276
XVenFeb16.1612	0.5301306964240272
XVenFeb16.1613	0.7305676366487491
XVenFeb16.1614	0.6669412562741558
XVenFeb16.1616	0.6627914795469166
XVenFeb16.1618	0.6457159840673623
XVenFeb16.1620	0.8109354534438972
XVenFeb16.1622	0.7572159773585876
XVenFeb16.1624	0.7160841494663205
XVenFeb16.1626	0.7609762382825871
XVenFeb16.1627	0.5739339592857308
XVenFeb16.1628	0.7503339935342739
XVenFeb16.1629	0.689815149004905
XVenFeb16.1631	0.7031305974132783
XVenFeb16.1632	0.7965016014001812
XVenFeb16.1634	0.7449599152464502
XVenFeb16.1635	0.8238198853175637
XVenFeb16.1637	0.7546777201436059
XVenFeb16.1639	0.7554475141840601
XVenFeb16.1641	0.4691642712323051
XVenFeb16.1643	0.62673261447739
XVenFeb16.1644	0.648825855499706
XVenFeb16.1646	0.7174015632590608
XVenFeb16.1647	0.7227752280992026
XVenFeb16.1649	0.6729406819006313
XVenFeb16.1651	0.6729784606071969
XVenFeb16.1653	0.7871038244794228
XVenFeb16.1654	0.7321452616761691
XVenFeb16.1656	0.752349582056462
XVenFeb16.1658	0.7350809211158323
XVenFeb16.1660	0.6346774789835441
XVenFeb16.1662	0.768220488648702
XVenFeb16.1664	0.648382963852694
XVenFeb16.1665	0.7009336557896564
XVenFeb16.1666	0.7418310399385095
XVenFeb16.1668	0.7505439590682033
XVenFeb16.1669	0.6923902861504719
XVenFeb16.1671	0.6931392544054946
XVenFeb16.1673	0.7462714961582458
XVenFeb16.1675	0.6969993675041518
XVenFeb16.1677	0.7238014229595476
XVenFeb16.1678	0.7014032604268541
XVenFeb16.1680	0.7687522361744143
XVenFeb16.1688	0.674616086600957
XVenFeb16.169	0.5704401864258
XVenFeb16.1694	0.712557653589046
XVenFeb16.1700	0.7013285809152637
XVenFeb16.1701	0.7796910704747122
XVenFeb16.1702	0.6300693948058088
XVenFeb16.1703	0.7345274057472626
XVenFeb16.1704	0.7379435041836683
XVenFeb16.1705	0.6650790447602167
XVenFeb16.1707	0.8081006646355925
XVenFeb16.1708	0.683704431626707
XVenFeb16.1710	0.6571238450014961
XVenFeb16.1712	0.7484131837708117
XVenFeb16.1713	0.8351820073349966
XVenFeb16.1715	0.8173639997599778
XVenFeb16.1717	0.7428746410626751
XVenFeb16.1719	0.6963801754639551
XVenFeb16.1721	0.8067699536946099
XVenFeb16.1723	0.7098618247044353
XVenFeb16.1724	0.7022882734129896
XVenFeb16.1726	0.791329124888964
XVenFeb16.1728	0.8356019858909421
XVenFeb16.173	0.4682834104469911
XVenFeb16.1730	0.8153056174212261
XVenFeb16.1732	0.741242770941274
XVenFeb16.1734	0.690163476251012
XVenFeb16.1736	0.6933627230653184
XVenFeb16.1737	0.7266132398845678
XVenFeb16.1739	0.4864983988380041
XVenFeb16.1740	0.8516414415799957
XVenFeb16.1742	0.7757600593223275
XVenFeb16.1744	0.7876581000292364
XVenFeb16.1746	0.7615077107384172
XVenFeb16.1748	0.7638041103973862
XVenFeb16.1750	0.7428196665953767
XVenFeb16.1752	0.7556650609832355
XVenFeb16.1754	0.6916931636501698
XVenFeb16.1756	0.6495352099316647
XVenFeb16.1757	0.668778137996051
XVenFeb16.1759	0.8131612692587854
XVenFeb16.1761	0.7395448188386454
XVenFeb16.1763	0.7029351007238865
XVenFeb16.1765	0.8046846288409718
XVenFeb16.1767	0.677503512303713
XVenFeb16.1769	0.7296939297884327
XVenFeb16.177	0.6301410946277737
XVenFeb16.1771	0.8009819917145524
XVenFeb16.1773	0.7442034028170734
XVenFeb16.1777	0.8441535629837857
XVenFeb16.1779	0.7483858886537996
XVenFeb16.1781	0.7888581483659499
XVenFeb16.1783	0.7253645581412327
XVenFeb16.1785	0.7515535263486733
XVenFeb16.1787	0.7378842428928482
XVenFeb16.1789	0.7846134750968525
XVenFeb16.1791	0.7438419264690761
XVenFeb16.1793	0.8131171430966341
XVenFeb16.1795	0.7832766480596073
XVenFeb16.1797	0.7918176753487789
XVenFeb16.1799	0.7300386377054189
XVenFeb16.18	0.7980481636481199
XVenFeb16.189	0.44637641512339565
XVenFeb16.193	0.3123824110100675
XVenFeb16.201	0.5911474442681992
XVenFeb16.205	0.6082968016255231
XVenFeb16.209	0.6212736763412751
XVenFeb16.221	0.3587802154171547
XVenFeb16.225	0.621363669055643
XVenFeb16.237	0.5284544808411001
XVenFeb16.241	0.44192271240890524
XVenFeb16.245	0.5379095396902901
XVenFeb16.25	0.8017398953924463
XVenFeb16.253	0.4904236375908306
XVenFeb16.255	0.7291241667397814
XVenFeb16.257	0.7776309698953978
XVenFeb16.259	0.7836257118060699
XVenFeb16.266	0.7549278379773379
XVenFeb16.267	0.7406059989552951
XVenFeb16.269	0.6041117313175364
XVenFeb16.271	0.686473508745107
XVenFeb16.273	0.5228282869539858
XVenFeb16.275	0.5948248018738027
XVenFeb16.277	0.6995488983392437
XVenFeb16.281	0.6710546323898751
XVenFeb16.283	0.5643189319741012
XVenFeb16.285	0.7247531402941162
XVenFeb16.287	0.5481754506155474
XVenFeb16.289	0.6702881010846653
XVenFeb16.293	0.6711713464347081
XVenFeb16.295	0.6432438710157821
XVenFeb16.297	0.8069394753579731
XVenFeb16.299	0.6587049995945664
XVenFeb16.301	0.7583760652283009
XVenFeb16.303	0.785430488221376
XVenFeb16.305	0.5285045283294769
XVenFeb16.307	0.7650895855577939
XVenFeb16.309	0.5635523541847292
XVenFeb16.311	0.783228731840902
XVenFeb16.313	0.5697850275225288
XVenFeb16.315	0.7273543427411268
XVenFeb16.32	0.8162784045746496
XVenFeb16.322	0.8356940048004021
XVenFeb16.323	0.4817632290562596
XVenFeb16.328	0.42457040560106274
XVenFeb16.333	0.3695967310445619
XVenFeb16.337	0.4991660519031264
XVenFeb16.342	0.5095568366522579
XVenFeb16.346	0.4021630052305986
XVenFeb16.350	0.23320288135645442
XVenFeb16.354	0.5014930173198828
XVenFeb16.358	0.44787212691755074
XVenFeb16.362	0.5054649809136447
XVenFeb16.366	0.4960501346154763
XVenFeb16.374	0.4373093327783483
XVenFeb16.38	0.8168178965863592
XVenFeb16.382	0.6425152758326108
XVenFeb16.384	0.6775357342482636
XVenFeb16.392	0.7569386550344143
XVenFeb16.40	0.572767233100606
XVenFeb16.400	0.8226928897269385
XVenFeb16.417	0.45670387154282654
XVenFeb16.421	0.5348952744203161
XVenFeb16.425	0.4836017026363597
XVenFeb16.429	0.4610887930928782
XVenFeb16.433	0.23278204618044232
XVenFeb16.437	0.7251470195264461
XVenFeb16.441	0.6350591961847039
XVenFeb16.457	0.6451840165336761
XVenFeb16.477	0.5272696296729034
XVenFeb16.485	0.5062382564656204
XVenFeb16.489	0.5156124544895387
XVenFeb16.493	0.5605945525322491
XVenFeb16.497	0.6561445252830437
XVenFeb16.505	0.7024025344014203
XVenFeb16.509	0.6380791841189671
XVenFeb16.511	0.7658291561820972
XVenFeb16.513	0.7451292376766935
XVenFeb16.515	0.7397854549597782
XVenFeb16.519	0.7691439479255746
XVenFeb16.525	0.7589620065750341
XVenFeb16.527	0.7685442522179269
XVenFeb16.529	0.6926498257899647
XVenFeb16.533	0.7545906784868536
XVenFeb16.535	0.6365294560094243
XVenFeb16.537	0.6313315175067488
XVenFeb16.539	0.63085562719766
XVenFeb16.541	0.6245159989040462
XVenFeb16.544	0.8217379508986988
XVenFeb16.546	0.6278009611819129
XVenFeb16.55	0.5315661619695737
XVenFeb16.552	0.6957799110244226
XVenFeb16.556	0.5627977988278542
XVenFeb16.564	0.42320137538630875
XVenFeb16.568	0.5332014575270745
XVenFeb16.572	0.5956356528266918
XVenFeb16.584	0.4549072731059424
XVenFeb16.588	0.480092965091538
XVenFeb16.592	0.5151546756637576
XVenFeb16.596	0.6148443961299841
XVenFeb16.6	0.718267757772227
XVenFeb16.60	0.10563321006917951
XVenFeb16.604	0.4251877867692536
XVenFeb16.616	0.7449895638807174
XVenFeb16.617	0.7048699032048508
XVenFeb16.621	0.7828904210873918
XVenFeb16.622	0.6857762182633019
XVenFeb16.623	0.6703183204719518
XVenFeb16.624	0.7812962309589647
XVenFeb16.626	0.5763120493952758
XVenFeb16.627	0.72273027034429
XVenFeb16.628	0.6286282356474938
XVenFeb16.637	0.4457255236678913
XVenFeb16.64	0.4047416553410086
XVenFeb16.646	0.5307173347526007
XVenFeb16.663	0.515379018983408
XVenFeb16.675	0.6555559139536011
XVenFeb16.679	0.621510002991643
XVenFeb16.701	0.6129546305070561
XVenFeb16.705	0.625773951927757
XVenFeb16.710	0.4984780107811398
XVenFeb16.714	0.2958739186162134
XVenFeb16.718	0.3585037571085274
XVenFeb16.730	0.5815501424987054
XVenFeb16.734	0.5496395046606279
XVenFeb16.738	0.4606750533490403
XVenFeb16.746	0.7053566580977244
XVenFeb16.750	0.5643685128980074
XVenFeb16.755	0.5751555063085577
XVenFeb16.759	0.5434872600402828
XVenFeb16.763	0.5036511426302899
XVenFeb16.767	0.5667008580470044
XVenFeb16.77	0.26917754902536933
XVenFeb16.771	0.6977563750633754
XVenFeb16.775	0.5536243940678098
XVenFeb16.779	0.5542911751779589
XVenFeb16.783	0.575229466613027
XVenFeb16.787	0.5040845598093826
XVenFeb16.791	0.4899041120454328
XVenFeb16.795	0.49615414999982216
XVenFeb16.799	0.4203064907187965
XVenFeb16.803	0.7407089654970189
XVenFeb16.81	0.42368571179144726
XVenFeb16.811	0.5411820936835742
XVenFeb16.815	0.40860632203320085
XVenFeb16.819	0.5284455415997558
XVenFeb16.823	0.4800175384547204
XVenFeb16.827	0.8267691611686169
XVenFeb16.832	0.5060142811657998
XVenFeb16.836	0.41799324992564013
XVenFeb16.840	0.5153033219122815
XVenFeb16.844	0.41054250888603455
XVenFeb16.848	0.36692835250229716
XVenFeb16.852	0.428500738039852
XVenFeb16.857	0.369638503142672
XVenFeb16.861	0.31091769732590413
XVenFeb16.865	0.5188119300526495
XVenFeb16.873	0.5015648923986337
XVenFeb16.877	0.5530930591670201
XVenFeb16.881	0.5391898732696112
XVenFeb16.886	0.651998003392006
XVenFeb16.89	0.3479936653106146
XVenFeb16.890	0.4660595065844766
XVenFeb16.898	0.4905073476915323
XVenFeb16.97	0.40952927399148364
X15.1057	0.12633150315519678
X15.1058	0.504247864524972
X15.1064	0.5037294898590549
X15.1065	0.6150461610721217
X15.1229	0.6530746810985995
X15.1230	0.3152664974444334
X15.1235	0.2911339610127945
X15.1236	0.3930617188859334
X15.1247	0.3864213075939929
X15.1248	0.4823711807943992
X15.1257	0.4340089524403456
X15.1258	0.694982479939145
X15.1265	0.3664683423904229
X15.1266	0.7214991844497094
X15.1273	0.44465007937168244
X15.1274	0.5293870680443187
X15.150	0.3542873290734441
X15.151	0.43501126164869036
X15.17	0.49816444389081666
X15.18	0.5197492511495605
X15.22	0.42224548963008496
X15.23	0.6248161162417712
X15.28	0.5301338399742385
X15.29	0.3557710109013854
X15.441	0.4901644809142547
X15.442	0.6248294500728866
X15.494	0.47603592225289526
X15.495	0.5843553940848951
X15.501	0.04988274711127804
X15.502	0.5580615931804367
X15.573	0.05257819954720712
X15.574	0.5171304641888038
X15.577	0.3518844026405008
X15.578	0.6066802948993179
X15.591	0.49642334500462515
X15.592	0.7435686997720281
X15.692	0.45704244391607207
X15.693	0.6654415957386726
X15.852	0.4495382531740309
X15.853	0.6142185703960306
X15.856	0.34822274168662554
X15.857	0.5872687825726669
X15.860	0.3979353851192395
X15.861	0.5794573834565576
X15.901	0.42780483825084986
X15.902	0.5345586870850664
X15.905	0.3596267162473313
X15.906	0.5757364216206899
X15.921	0.512784039112081
X15.922	0.7028587729950158
XVenFeb16.100	0.7599048515147021
XVenFeb16.1001	0.30204815245117284
XVenFeb16.1013	0.6900503981389771
XVenFeb16.102	0.7055418925091688
XVenFeb16.1022	0.6754382889207752
XVenFeb16.1026	0.5741818742249172
XVenFeb16.103	0.8929788917559962
XVenFeb16.1030	0.6670174395459207
XVenFeb16.1035	0.6524576072322967
XVenFeb16.1039	0.6044571428176531
XVenFeb16.104	0.8952098170015925
XVenFeb16.1044	0.7154726242564009
XVenFeb16.1048	0.7716707497934843
XVenFeb16.1056	0.7648514546525916
XVenFeb16.1060	0.8127470299867263
XVenFeb16.1065	0.26468622851480744
XVenFeb16.1069	0.5704571519732349
XVenFeb16.1075	0.48676622503821126
XVenFeb16.1076	0.44552506710536754
XVenFeb16.1082	0.3619592948016189
XVenFeb16.1083	0.4883547571732452
XVenFeb16.1166	0.8189868622080124
XVenFeb16.1194	0.42424618848933987
XVenFeb16.1264	0.28710548466859254
XVenFeb16.1265	0.4007848446142682
XVenFeb16.1271	0.27685027152315295
XVenFeb16.1272	0.3880157623531463
XVenFeb16.1279	0.7038353955882615
XVenFeb16.1284	0.520666510410044
XVenFeb16.1285	0.6186752259086422
XVenFeb16.1297	0.37580858642590775
XVenFeb16.1311	0.6679914717349243
XVenFeb16.1315	0.6197739927486176
XVenFeb16.1319	0.6162873682102432
XVenFeb16.1327	0.5633315639519207
XVenFeb16.1331	0.7507859913873622
XVenFeb16.1335	0.651960784728977
XVenFeb16.1343	0.7814122693737172
XVenFeb16.1347	0.5411763291573118
XVenFeb16.1351	0.5533066382117764
XVenFeb16.1355	0.5968331645064282
XVenFeb16.1359	0.5538108332491983
XVenFeb16.1363	0.5846190503187705
XVenFeb16.1367	0.6796380023500409
XVenFeb16.1374	0.561226009872581
XVenFeb16.1375	0.7877718045136971
XVenFeb16.1378	0.2688674297237738
XVenFeb16.1379	0.710442953600374
XVenFeb16.1382	0.25232812048755987
XVenFeb16.1383	0.7431818182799852
XVenFeb16.1386	0.49246959611456204
XVenFeb16.1387	0.5651322680847585
XVenFeb16.1394	0.6809731708985631
XVenFeb16.1395	0.6492769834830363
XVenFeb16.1398	0.4534817223801824
XVenFeb16.1399	0.580098308292246
XVenFeb16.14	0.35096232892436896
XVenFeb16.1402	0.4595707511677751
XVenFeb16.1403	0.7146559751030344
XVenFeb16.15	0.4161597711945692
XVenFeb16.154	0.5341397606067179
XVenFeb16.155	0.8533794898356328
XVenFeb16.156	0.8593970337874406
XVenFeb16.160	0.6824010438513944
XVenFeb16.162	0.5668638028503495
XVenFeb16.163	0.8248549062651149
XVenFeb16.164	0.8248319917558676
XVenFeb16.166	0.6118585079850192
XVenFeb16.167	0.8248312014564162
XVenFeb16.168	0.6489660672729543
XVenFeb16.1682	0.48687008499792955
XVenFeb16.1683	0.48598463337255515
XVenFeb16.1689	0.30806367544796415
XVenFeb16.1695	0.4279616860748748
XVenFeb16.1696	0.6267597671929239
XVenFeb16.170	0.48895911194214225
XVenFeb16.171	0.7482366384207481
XVenFeb16.172	0.7762784155532382
XVenFeb16.174	0.6880571338221849
XVenFeb16.176	0.8161755108510639
XVenFeb16.178	0.40440877118446916
XVenFeb16.179	0.808516371233574
XVenFeb16.180	0.8372564264084565
XVenFeb16.182	0.6002320783913248
XVenFeb16.183	0.7867088823071844
XVenFeb16.184	0.7763409116404446
XVenFeb16.186	0.5948509818097169
XVenFeb16.187	0.8157478457498737
XVenFeb16.194	0.5061759810320406
XVenFeb16.195	0.7873113043075944
XVenFeb16.196	0.7978701972692083
XVenFeb16.198	0.7767412918177625
XVenFeb16.199	0.8192095494680689
XVenFeb16.1999	0.6043598017365839
XVenFeb16.2	0.35069610444127286
XVenFeb16.20	0.43650231000766765
XVenFeb16.200	0.7594933020247521
XVenFeb16.202	0.5046820017803998
XVenFeb16.204	0.4245411171296922
XVenFeb16.206	0.5453295247994281
XVenFeb16.208	0.8195737831515033
XVenFeb16.210	0.40002698841823703
XVenFeb16.211	0.8065840507307255
XVenFeb16.212	0.7651181213840265
XVenFeb16.214	0.740062451457525
XVenFeb16.215	0.8188803902458279
XVenFeb16.216	0.8183988311882738
XVenFeb16.218	0.7682478696018268
XVenFeb16.219	0.8163221910706066
XVenFeb16.220	0.8919101643906051
XVenFeb16.226	0.5316527701051785
XVenFeb16.227	0.7834969386766434
XVenFeb16.228	0.7759015640217984
XVenFeb16.230	0.6201146716608025
XVenFeb16.231	0.8373955295891261
XVenFeb16.232	0.7956986912747864
XVenFeb16.234	0.5675194384306297
XVenFeb16.235	0.8105175270628756
XVenFeb16.236	0.8100411018220791
XVenFeb16.238	0.46314054539403704
XVenFeb16.240	0.6461462155486373
XVenFeb16.242	0.6408281043404365
XVenFeb16.243	0.8269250669797865
XVenFeb16.244	0.7755750818009306
XVenFeb16.246	0.6387096454540175
XVenFeb16.247	0.8730175755055157
XVenFeb16.248	0.7238341303257532
XVenFeb16.250	0.49481386009653344
XVenFeb16.251	0.7790645460577504
XVenFeb16.252	0.8035210189932009
XVenFeb16.261	0.48107542821776034
XVenFeb16.262	0.4024562691045178
XVenFeb16.27	0.16194772406989164
XVenFeb16.28	0.5762960906147869
XVenFeb16.317	0.567093884239992
XVenFeb16.318	0.36817358448911763
XVenFeb16.326	0.7626288198486709
XVenFeb16.329	0.7209165526235296
XVenFeb16.330	0.7652579522899314
XVenFeb16.331	0.7711547530909203
XVenFeb16.334	0.5699108513739606
XVenFeb16.335	0.777007437352789
XVenFeb16.336	0.6477374439905128
XVenFeb16.338	0.5824118295634348
XVenFeb16.339	0.8346626929662657
XVenFeb16.34	0.3732534760083413
XVenFeb16.340	0.7967894024316692
XVenFeb16.345	0.6919347862756491
XVenFeb16.347	0.5803466132362597
XVenFeb16.348	0.8088676650216557
XVenFeb16.349	0.7032755785046004
XVenFeb16.35	0.4705133904719897
XVenFeb16.351	0.5579115680916847
XVenFeb16.353	0.8397899935827731
XVenFeb16.355	0.6043798944241968
XVenFeb16.356	0.769250788805496
XVenFeb16.357	0.7893232006594435
XVenFeb16.360	0.8616706381450626
XVenFeb16.361	0.8416565644490276
XVenFeb16.363	0.746122573009837
XVenFeb16.364	0.7875177458707461
XVenFeb16.365	0.8316791294902391
XVenFeb16.367	0.6726896150505441
XVenFeb16.369	0.8099567797920818
XVenFeb16.371	0.6858503637787023
XVenFeb16.372	0.8621523235969022
XVenFeb16.373	0.9229934548446924
XVenFeb16.375	0.6876549870487011
XVenFeb16.376	0.8418233034750783
XVenFeb16.377	0.8639224578915928
XVenFeb16.379	0.620537703458726
XVenFeb16.385	0.6310510333913965
XVenFeb16.386	0.7663679934770152
XVenFeb16.387	0.7891165695771122
XVenFeb16.389	0.5174573207827371
XVenFeb16.394	0.21799413844941845
XVenFeb16.395	0.5761944919822982
XVenFeb16.412	0.7704999063070332
XVenFeb16.414	0.7127384331023381
XVenFeb16.416	0.8613083164015641
XVenFeb16.419	0.8195663686643366
XVenFeb16.420	0.7948209668691569
XVenFeb16.422	0.5886354899155888
XVenFeb16.423	0.8069851017817552
XVenFeb16.424	0.85932751577613
XVenFeb16.427	0.8147342470466185
XVenFeb16.43	0.4235080810289257
XVenFeb16.430	0.8154588694842667
XVenFeb16.431	0.8440989548301936
XVenFeb16.432	0.7996037098947528
XVenFeb16.434	0.44669490081018043
XVenFeb16.435	0.863490993348251
XVenFeb16.436	0.7958764736599983
XVenFeb16.438	0.7462510793007464
XVenFeb16.439	0.8086707203461255
XVenFeb16.440	0.8751695066113793
XVenFeb16.442	0.6922261139905941
XVenFeb16.443	0.8125299040987664
XVenFeb16.446	0.6238801512051643
XVenFeb16.447	0.7786591359119165
XVenFeb16.458	0.7084241594495032
XVenFeb16.459	0.7323262542732791
XVenFeb16.46	0.5763965203568268
XVenFeb16.47	0.8452169235547057
XVenFeb16.478	0.6357943058365823
XVenFeb16.479	0.586398529055906
XVenFeb16.48	0.7843572555679723
XVenFeb16.480	0.6343036750465654
XVenFeb16.487	0.7670033309693749
XVenFeb16.488	0.7483382486150663
XVenFeb16.490	0.7690699902840207
XVenFeb16.492	0.8220791857342293
XVenFeb16.494	0.6509268076515607
XVenFeb16.496	0.7489019142501064
XVenFeb16.498	0.59891229926566
XVenFeb16.499	0.818804686679614
XVenFeb16.500	0.7691444253322568
XVenFeb16.502	0.6419541367275206
XVenFeb16.503	0.8509287095768526
XVenFeb16.504	0.8436961703790223
XVenFeb16.51	0.6687411255775154
XVenFeb16.52	0.7469011120579003
XVenFeb16.53	0.820042146823293
XVenFeb16.549	0.6310826104691317
XVenFeb16.550	0.7907540224615079
XVenFeb16.551	0.8003670375041098
XVenFeb16.553	0.6043211180185482
XVenFeb16.555	0.7536531562095646
XVenFeb16.557	0.5053696312681161
XVenFeb16.558	0.7889726672644278
XVenFeb16.559	0.8081076355285909
XVenFeb16.56	0.3524725928169247
XVenFeb16.562	0.7966002031773521
XVenFeb16.563	0.7853839314087461
XVenFeb16.565	0.5617652801468419
XVenFeb16.566	0.8614140719020729
XVenFeb16.567	0.7864605718761335
XVenFeb16.569	0.4998179892107185
XVenFeb16.57	0.8503157109914008
XVenFeb16.571	0.707049332901492
XVenFeb16.573	0.5548414102791837
XVenFeb16.574	0.7330866345731135
XVenFeb16.575	0.5911258498995065
XVenFeb16.578	0.7787124800366404
XVenFeb16.579	0.8123854900647611
XVenFeb16.58	0.8505554338829712
XVenFeb16.582	0.8174249173423009
XVenFeb16.583	0.8171196471245028
XVenFeb16.585	0.6910130104052566
XVenFeb16.587	0.7445616880304218
XVenFeb16.589	0.5718232045104489
XVenFeb16.590	0.833196897846527
XVenFeb16.591	0.7878521946123812
XVenFeb16.594	0.6086180788727161
XVenFeb16.595	0.6819309422301004
XVenFeb16.597	0.7959058115281378
XVenFeb16.599	0.7170134915006131
XVenFeb16.601	0.6271145419947987
XVenFeb16.603	0.5494482077584366
XVenFeb16.605	0.7193441662968834
XVenFeb16.606	0.8152386600407873
XVenFeb16.607	0.8086267957287652
XVenFeb16.609	0.5735362897803001
XVenFeb16.61	0.7695454156575918
XVenFeb16.610	0.6061456385520595
XVenFeb16.611	0.6889557180800504
XVenFeb16.613	0.5813811351373992
XVenFeb16.614	0.799329371426553
XVenFeb16.615	0.8079686901221854
XVenFeb16.629	0.6075817281532935
XVenFeb16.63	0.7830052213788495
XVenFeb16.634	0.6641273665724783
XVenFeb16.635	0.7309557821087961
XVenFeb16.636	0.6458732767894225
XVenFeb16.639	0.7382407786146146
XVenFeb16.640	0.7048281200884112
XVenFeb16.642	0.60334588934182
XVenFeb16.643	0.8394447140324267
XVenFeb16.644	0.7836275546664798
XVenFeb16.647	0.5989047238921864
XVenFeb16.649	0.748553802113435
XVenFeb16.65	0.5945091991814838
XVenFeb16.651	0.49738710484718335
XVenFeb16.652	0.7557653566395843
XVenFeb16.653	0.7806093746760235
XVenFeb16.66	0.8039142311332881
XVenFeb16.664	0.7009419453725333
XVenFeb16.668	0.6585720769057753
XVenFeb16.67	0.7807030241316666
XVenFeb16.672	0.3879369937895322
XVenFeb16.676	0.4887672117669268
XVenFeb16.680	0.7170214216456212
XVenFeb16.69	0.7603649390450804
XVenFeb16.70	0.8525131351993337
XVenFeb16.702	0.7132540701874173
XVenFeb16.706	0.508048737301634
XVenFeb16.71	0.7893126456764357
XVenFeb16.715	0.43476747683634787
XVenFeb16.719	0.7487434385016111
XVenFeb16.723	0.531795209003842
XVenFeb16.727	0.5383086991526992
XVenFeb16.731	0.4617775103763431
XVenFeb16.735	0.4132794746516013
XVenFeb16.739	0.3878340561414173
XVenFeb16.74	0.7289503237561562
XVenFeb16.75	0.8819212871696352
XVenFeb16.751	0.6344793671268554
XVenFeb16.756	0.6669100370084007
XVenFeb16.76	0.8415543666504753
XVenFeb16.760	0.6119550925740731
XVenFeb16.764	0.7158173484674182
XVenFeb16.768	0.6601638986693587
XVenFeb16.772	0.6991134688485949
XVenFeb16.776	0.7257785268118184
XVenFeb16.784	0.30435451165070954
XVenFeb16.788	0.762809726068771
XVenFeb16.792	0.5517115179251946
XVenFeb16.796	0.6173809288374521
XVenFeb16.8	0.3826658918255132
XVenFeb16.80	0.7808894803017372
XVenFeb16.800	0.6714360501518654
XVenFeb16.804	0.621870519076255
XVenFeb16.808	0.46424826804349395
XVenFeb16.816	0.6188976613847115
XVenFeb16.82	0.7431408182771507
XVenFeb16.820	0.564823457684163
XVenFeb16.824	0.60696780801518
XVenFeb16.828	0.4514005461121797
XVenFeb16.83	0.8595954924076556
XVenFeb16.833	0.5667972243565779
XVenFeb16.837	0.5351369615636937
XVenFeb16.84	0.8218533465601064
XVenFeb16.841	0.6211483406372633
XVenFeb16.849	0.5915635032669868
XVenFeb16.853	0.5742287714118105
XVenFeb16.858	0.5948760478365178
XVenFeb16.86	0.7172989078371236
XVenFeb16.862	0.6361353314519682
XVenFeb16.866	0.5068931084631794
XVenFeb16.87	0.837239814411864
XVenFeb16.870	0.5885997497293034
XVenFeb16.874	0.4011782177615162
XVenFeb16.88	0.8909288617426082
XVenFeb16.882	0.6887364999207299
XVenFeb16.887	0.6916040048847575
XVenFeb16.891	0.7695269903071716
XVenFeb16.895	0.6812120859177927
XVenFeb16.899	0.584559160403313
XVenFeb16.9	0.40780770547909695
XVenFeb16.90	0.6760566142975646
XVenFeb16.91	0.9108373842086765
XVenFeb16.92	0.8071039546786182
XVenFeb16.94	0.6057855525869112
XVenFeb16.96	0.8585540710702864
XVenFeb16.98	0.6059480851772894
XVenFeb16.99	0.8822080172328374
X15.158	0.6299887355942435
X15.205	0.2334574697839378
X15.21	0.03521764255318603
X15.254	0.5599837667151009
X15.337	0.7580914185904101
X15.344	0.44936087977359906
X15.373	0.18977864286981325
X15.407	0.5095103125127384
X15.430	0.6786302583662842
X15.456	0.6976806952682062
X15.465	0.7503930469564571
X15.476	0.2584993528145574
X15.491	0.14563345584189388
X15.66	0.0864085944631316
X15.741	0.31382312728219414
X15.770	0.521579228974833
X15.775	0.6836721363804571
X15.864	0.012563322336143476
X15.97	0.6869357212318651
XVenFeb16.1010	0.8398574830959321
XVenFeb16.1015	0.81221065932921
XVenFeb16.1016	0.15929912975485633
XVenFeb16.1020	0.8785396268532203
XVenFeb16.1027	0.7989628893347073
XVenFeb16.1033	0.6892507472724261
XVenFeb16.1041	0.31826205428779814
XVenFeb16.1042	0.3101891390784063
XVenFeb16.1046	0.6474747463221012
XVenFeb16.1050	0.7751794674481964
XVenFeb16.1053	0.7467685964562376
XVenFeb16.1057	0.847889989392285
XVenFeb16.1058	0.8616747972129084
XVenFeb16.1061	0.8090784181979475
XVenFeb16.1062	0.7450938407720077
XVenFeb16.1063	0.7764512609258929
XVenFeb16.1066	0.8090990324853354
XVenFeb16.1067	0.7224189552188648
XVenFeb16.1085	0.6147931232575998
XVenFeb16.1191	0.6166066283604351
XVenFeb16.1266	0.7155835924554155
XVenFeb16.1275	0.16285662980601415
XVenFeb16.1280	0.7851386062169687
XVenFeb16.1298	0.8846290475160494
XVenFeb16.1301	0.7863714506447794
XVenFeb16.1305	0.7465812161016683
XVenFeb16.1317	0.8016528667317243
XVenFeb16.1324	0.787587790866027
XVenFeb16.1325	0.5083972536824698
XVenFeb16.1328	0.792672979262572
XVenFeb16.1329	0.8355812030928331
XVenFeb16.1333	0.8059918985016206
XVenFeb16.1341	0.8508819453227672
XVenFeb16.1348	0.7326929456532019
XVenFeb16.1349	0.8301632155478986
XVenFeb16.1357	0.5073612993944979
XVenFeb16.1360	0.725961464048059
XVenFeb16.1361	0.8327738778590803
XVenFeb16.1365	0.5998061350185784
XVenFeb16.1369	0.6987827655592103
XVenFeb16.1372	0.8514599367149551
XVenFeb16.1373	0.8474156214285794
XVenFeb16.1380	0.8180125416733958
XVenFeb16.1381	0.8146127834778418
XVenFeb16.1384	0.7185327951072251
XVenFeb16.1385	0.6908218361330182
XVenFeb16.1389	0.7638927064339948
XVenFeb16.1396	0.8490135436830126
XVenFeb16.1397	0.8377011713020819
XVenFeb16.1401	0.6722290830215746
XVenFeb16.1404	0.7805898114185734
XVenFeb16.1684	0.7936975466357724
XVenFeb16.1691	0.8311733663183182
XVenFeb16.1697	0.7073473938209603
XVenFeb16.31	0.01236772945357444
XVenFeb16.332	0.08811573236035927
XVenFeb16.341	0.2992140208365288
XVenFeb16.380	0.6582109415775564
XVenFeb16.44	0.755845463051491
XVenFeb16.49	0.637928093017163
XVenFeb16.54	0.5411678876814885
XVenFeb16.59	0.3407274329463497
XVenFeb16.632	0.4338869713640764
XVenFeb16.656	0.8055408319056528
XVenFeb16.661	0.769758814289017
XVenFeb16.673	0.842644926346389
XVenFeb16.709	0.2681527596331293
XVenFeb16.72	0.17800563349634266
XVenFeb16.729	0.598101307933656
XVenFeb16.732	0.8263548594162395
XVenFeb16.733	0.8137561407270143
XVenFeb16.754	0.6649374171364748
XVenFeb16.766	0.5177827877633554
XVenFeb16.774	0.7716558271938376
XVenFeb16.789	0.5295903065630514
XVenFeb16.790	0.4659115402178494
XVenFeb16.805	0.8276441760570977
XVenFeb16.810	0.7492577170350897
XVenFeb16.814	0.8425809386739322
XVenFeb16.817	0.7584318951119408
XVenFeb16.818	0.7215035380928687
XVenFeb16.822	0.712479216867422
XVenFeb16.826	0.8250432813005507
XVenFeb16.831	0.3815496986635421
XVenFeb16.843	0.8342411190770173
XVenFeb16.860	0.8210122964043142
XVenFeb16.876	0.7345976320112483
XVenFeb16.880	0.7602232901127165
XVenFeb16.884	0.8059531969627415
XVenFeb16.885	0.5660975790242803
XVenFeb16.897	0.7717932046691617
X15.100	0.5081954707927455
X15.1000	0.7676276290044735
X15.101	0.5552873339208148
X15.104	0.6547718303938493
X15.106	0.22831314470093966
X15.107	0.5469973265083589
X15.1088	0.6757208476015882
X15.1089	0.7448838848092617
X15.1090	0.7482370627827337
X15.1098	0.6870436932394764
X15.1099	0.8075524349748475
X15.110	0.5095467778656132
X15.1100	0.8134457745017215
X15.1101	0.5326446322300817
X15.1105	0.442558225720081
X15.1109	0.4259442731895089
X15.1113	0.5255188399979831
X15.1117	0.426306547164014
X15.112	0.2734354283641196
X15.1121	0.48910348492983863
X15.1125	0.43065579112865154
X15.1129	0.5168025186349591
X15.113	0.5692827580461647
X15.1133	0.35797796518183456
X15.1137	0.5026940307375364
X15.1141	0.624337506470481
X15.1145	0.556901642289664
X15.1149	0.4481435801476602
X15.1153	0.6671634176383637
X15.1157	0.5756812588306301
X15.1161	0.5464142322103045
X15.1165	0.6298613546049869
X15.1169	0.45768190241223494
X15.1173	0.6753275076162617
X15.118	0.3616853112943383
X15.1185	0.5187745268260153
X15.119	0.6274202454322649
X15.1193	0.4750706871485871
X15.1197	0.4426789744135979
X15.1219	0.4781349501057573
X15.1223	0.4990432966612411
X15.123	0.8170757656757811
X15.125	0.44245087476599837
X15.1267	0.6074898971358588
X15.128	0.741330164076435
X15.1301	0.6795210990921088
X15.1305	0.6356856170128405
X15.1309	0.4767400627468491
X15.131	0.4886160743567253
X15.1313	0.5030261348751667
X15.1317	0.5452801644789842
X15.1321	0.5936912920002849
X15.1325	0.5968875932036983
X15.1329	0.619255686921958
X15.1333	0.5838557862322923
X15.1337	0.7069096480775887
X15.134	0.7932537840472698
X15.1341	0.40502569076748024
X15.1345	0.5602434151753665
X15.1349	0.4794701365996306
X15.1353	0.6557451352081876
X15.1357	0.7146290263742515
X15.136	0.768496584346763
X15.1369	0.5184183892959908
X15.1373	0.4429209232898737
X15.1377	0.47126770958847336
X15.1381	0.4621748177837081
X15.1389	0.456234479533258
X15.1393	0.633788881283173
X15.1397	0.16904965686702494
X15.140	0.7171290724292808
X15.142	0.7472958417932203
X15.144	0.5725987300567886
X15.146	0.7381687039290824
X15.149	0.6060992412812815
X15.155	0.5286188375569907
X15.159	0.4239400314998004
X15.160	0.6660562847513702
X15.163	0.7623700173789326
X15.166	0.52659421647774
X15.170	0.6106501335222277
X15.173	0.6846826750000716
X15.174	0.5965636696118973
X15.177	0.5890130390480351
X15.178	0.5509579071763052
X15.181	0.6742402091156932
X15.183	0.6354114388037394
X15.184	0.6517639272992128
X15.188	0.6929146535056054
X15.190	0.5421850649840815
X15.194	0.7144206311787462
X15.195	0.5682750484157222
X15.196	0.27375880561375643
X15.202	0.819855328370877
X15.206	0.5991502331842881
X15.208	0.44501845796669154
X15.209	0.5276591979026194
X15.212	0.7613969890595589
X15.214	0.5681366476618291
X15.215	0.6785559788313176
X15.218	0.6856249669274485
X15.220	0.6100453561049776
X15.221	0.6439650774330197
X15.224	0.788525018661976
X15.226	0.3727545265634546
X15.227	0.6059683516833214
X15.231	0.6949225035989831
X15.232	0.5773570081613755
X15.233	0.6323054356351322
X15.236	0.7483864196963819
X15.243	0.4078202962640536
X15.244	0.3813932073178479
X15.245	0.33330658973274846
X15.248	0.775240384640923
X15.251	0.6230699101141224
X15.256	0.6714743887459376
X15.258	0.6944478089856179
X15.261	0.7620805317800604
X15.263	0.5659210988613562
X15.264	0.4235464418498426
X15.267	0.6540174625680739
X15.269	0.486181060988225
X15.270	0.60252564565784
X15.275	0.7995006503486412
X15.277	0.5512485165509601
X15.281	0.8339833425398963
X15.282	0.824676554344629
X15.283	0.4880939623396165
X15.286	0.7421194107049041
X15.289	0.6327430900344833
X15.293	0.703397273631744
X15.295	0.70834644700977
X15.297	0.7430601906644985
X15.301	0.8111796401270767
X15.303	0.7830005676169223
X15.304	0.7950109428070593
X15.308	0.6208779718733944
X15.311	0.7644213694113678
X15.314	0.7877657569302836
X15.317	0.779098540951174
X15.320	0.7375909549807587
X15.322	0.6656636227819664
X15.325	0.7119680068760147
X15.327	0.557786191070227
X15.33	0.5483259603978171
X15.330	0.6282760471074715
X15.334	0.5435325812758259
X15.338	0.7936389580562424
X15.340	0.4927520191993992
X15.341	0.5551547700588811
X15.345	0.24230979474779898
X15.346	0.6652593676281148
X15.351	0.37686666378472333
X15.352	0.5133972796933178
X15.357	0.524898468919537
X15.358	0.4773413591042285
X15.361	0.23583255178157275
X15.362	0.7533151896358931
X15.366	0.6770476722015387
X15.369	0.3491287626402728
X15.378	0.39914760568209423
X15.379	0.5752258511009785
X15.38	0.5335286523574406
X15.387	0.42258590734152857
X15.39	0.5708718343804902
X15.391	0.2926328584408913
X15.392	0.7333772126741571
X15.395	0.6123897233859975
X15.396	0.7859592973626494
X15.399	0.5012662198148874
X15.400	0.4424137548439339
X15.404	0.504441025415115
X15.409	0.5863566672536488
X15.412	0.7884666593913077
X15.414	0.33185571946416015
X15.415	0.42988471025967523
X15.418	0.5855168870515483
X15.42	0.771028858087951
X15.420	0.37554374478328445
X15.421	0.7663529585000046
X15.424	0.7766943243244614
X15.426	0.43713947824537863
X15.433	0.480628863693225
X15.434	0.7440245147496556
X15.440	0.764042318229592
X15.446	0.7386613417310236
X15.448	0.6639327329528348
X15.45	0.6483869812341498
X15.450	0.6158465058241036
X15.452	0.5653029855213669
X15.453	0.6639552032946896
X15.457	0.6933524713252474
X15.458	0.5777564957729274
X15.462	0.7154277460526797
X15.466	0.4952166917445441
X15.467	0.2412642673378722
X15.470	0.6565560111841944
X15.472	0.819495002828429
X15.473	0.5415834012822027
X15.477	0.7227847512830157
X15.478	0.6753962971480363
X15.483	0.3878053983186237
X15.484	0.7004004322868768
X15.49	0.649028282435612
X15.50	0.7337735451095505
X15.505	0.5715086429218756
X15.506	0.6931876120625765
X15.51	0.5658249073972431
X15.510	0.7504096909989215
X15.511	0.49178335645766796
X15.512	0.5930561286913917
X15.517	0.461495650951863
X15.518	0.675106571907016
X15.524	0.7650963906367607
X15.529	0.7106415660714991
X15.530	0.684155191390516
X15.533	0.7861661998540068
X15.535	0.3921450993043166
X15.539	0.7250467159620642
X15.548	0.6113859351739445
X15.55	0.6409512657879254
X15.553	0.8177891205200287
X15.555	0.7671945277473776
X15.557	0.6811491296720272
X15.559	0.6411716737308331
X15.56	0.41259153159636464
X15.563	0.7404038731707587
X15.565	0.7089430789160028
X15.569	0.5616512613571034
X15.57	0.45373581043513217
X15.584	0.7178635562916222
X15.585	0.714398635910446
X15.587	0.778139460836594
X15.595	0.5057654265619527
X15.596	0.5624411419647509
X15.601	0.4987059974000306
X15.602	0.8096523580103859
X15.607	0.5010843103110705
X15.608	0.7966465107378087
X15.61	0.6553497738695374
X15.611	0.7970096919542377
X15.614	0.8003737167385222
X15.617	0.8049367543088407
X15.619	0.46642396983515333
X15.62	0.3772879032811114
X15.620	0.7510051485537164
X15.623	0.7901515945169022
X15.625	0.6474104425367604
X15.626	0.7485569111176912
X15.629	0.8607699728747855
X15.63	0.6541238264266822
X15.632	0.7440873102803315
X15.635	0.7036747964769973
X15.637	0.42402037959383515
X15.638	0.7200657060487096
X15.641	0.7654105614044003
X15.643	0.45760018171547834
X15.644	0.6997274832693298
X15.647	0.8066550552787971
X15.649	0.23400606395494555
X15.650	0.6902285453867201
X15.653	0.6612183781756855
X15.655	0.4765746548164098
X15.656	0.6619787562661857
X15.660	0.795955617028676
X15.662	0.612672096217979
X15.663	0.3183535893577402
X15.666	0.4788477257129764
X15.672	0.7274447517146785
X15.674	0.5107447439236729
X15.675	0.6647792115466662
X15.678	0.6120852046513452
X15.68	0.6847124206022417
X15.680	0.34892558804728696
X15.681	0.536247799923799
X15.686	0.5704529784597562
X15.687	0.7936121411557197
X15.69	0.627996350179064
X15.690	0.8126064964419802
X15.70	0.5604106006812719
X15.701	0.4805356794467789
X15.705	0.6267213409958342
X15.709	0.6147311225154314
X15.713	0.31725028753392803
X15.717	0.5822031877722688
X15.721	0.4545173835918678
X15.725	0.20312756324965597
X15.73	0.6142186084730382
X15.733	0.6260958696071435
X15.737	0.5289897326100435
X15.742	0.4596218365655756
X15.746	0.43720535613744044
X15.75	0.6314609967287425
X15.750	0.46050994064512923
X15.754	0.6922553393026356
X15.758	0.5511753796466223
X15.76	0.6013879435603183
X15.766	0.5584583136384681
X15.771	0.6252553507401659
X15.776	0.5454424258825383
X15.784	0.6424647828644492
X15.788	0.4433758966290126
X15.796	0.7979135622262379
X15.80	0.8147328030621958
X15.808	0.5034854250045632
X15.816	0.37739937954732306
X15.82	0.6623640122524446
X15.820	0.5373130557205263
X15.824	0.3954816637336176
X15.829	0.7383300782537262
X15.830	0.24359089988102142
X15.834	0.7733342437931832
X15.836	0.48420760276592434
X15.840	0.23684933031545163
X15.844	0.5199590780968609
X15.87	0.3098961331139097
X15.871	0.7460069497489353
X15.872	0.8370281500530435
X15.873	0.7923038689800772
X15.874	0.7229233586081657
X15.875	0.8148724577760531
X15.876	0.6813921172594063
X15.877	0.8113091873494711
X15.88	0.5748522345724001
X15.881	0.8254407315453379
X15.882	0.793736779064963
X15.883	0.6624839919425903
X15.884	0.8352832640755717
X15.885	0.6805567298101595
X15.886	0.6251313665604419
X15.887	0.5577559750682586
X15.888	0.6734931798938947
X15.889	0.6677188622537181
X15.890	0.7882509434244445
X15.891	0.7481552192709293
X15.892	0.6753405078631439
X15.893	0.7119183808626757
X15.894	0.7822531173794991
X15.895	0.6316605390323622
X15.896	0.7761967834085067
X15.897	0.7304650835758285
X15.898	0.7640936152304488
X15.899	0.7832075102069589
X15.900	0.6452473188574189
X15.925	0.484439609623663
X15.93	0.6985930087528254
X15.931	0.7841911317107136
X15.932	0.7422600256060705
X15.933	0.622938800903441
X15.935	0.5095752264796691
X15.936	0.5129312028973447
X15.937	0.6363817937203958
X15.94	0.7697457702375045
X15.941	0.8261904330849903
X15.942	0.7273985250107926
X15.943	0.7158224665568443
X15.944	0.7947161687705756
X15.945	0.7336055532412907
X15.946	0.6901501258808265
X15.947	0.4662787534492603
X15.951	0.7223512990828778
X15.952	0.6276897917536096
X15.953	0.7904349491646067
X15.954	0.7667214354841888
X15.955	0.7931531166860314
X15.956	0.6865927980558088
X15.961	0.8041915350855429
X15.962	0.6822879309449293
X15.963	0.8310033479334977
X15.964	0.7036801630284768
X15.965	0.774118671039028
X15.966	0.5736600794733823
X15.974	0.6302821195278445
X15.976	0.6678066071300491
X15.977	0.5446551869209537
X15.979	0.7116661824291236
X15.981	0.7952069164960938
X15.982	0.7613604852364279
X15.983	0.815152725751004
X15.984	0.7782494607534789
X15.986	0.7306739665713519
X15.987	0.8122713141071748
X15.988	0.7793208378938795
X15.99	0.6458237612138975
X15.991	0.8075220498802305
X15.992	0.674080687643437
X15.993	0.8017238229888206
X15.994	0.6436715123139897
X15.995	0.7283222808604553
X15.996	0.7517117505341933
X15.997	0.5979336184845921
X15.998	0.7564497739712597
XDNA.Neg37	0.7876080593663667
X15.102	0.7656858251571773
X15.103	0.826333615769154
X15.1059	0.8142217515618081
X15.1060	0.8023671539605209
X15.1066	0.7736626086041407
X15.1067	0.7538447843437918
X15.108	0.7990937185282911
X15.109	0.8292638953859958
X15.1102	0.6051410951267172
X15.1103	0.88345175852436
X15.1104	0.7753147312123849
X15.1106	0.6725619690264301
X15.1107	0.8315485016011663
X15.1108	0.8380516337143685
X15.1110	0.6929467179430376
X15.1111	0.7964921396884362
X15.1112	0.712950731333281
X15.1114	0.5344260826328238
X15.1115	0.7112732397612839
X15.1116	0.6353235102108838
X15.1118	0.7347017468480479
X15.1119	0.8095610437312084
X15.1120	0.7865589537674311
X15.1122	0.7076691778287635
X15.1123	0.8025125943416451
X15.1124	0.863037415771144
X15.1126	0.7349781808445255
X15.1127	0.7906860527903427
X15.1128	0.7391314206193785
X15.1130	0.6361396229302374
X15.1131	0.8386764518752031
X15.1132	0.7569850693487105
X15.1134	0.6405891798305489
X15.1135	0.7767664318832513
X15.1136	0.7399221482592553
X15.1138	0.6448446450312454
X15.1139	0.7140901198053881
X15.114	0.8638251434169718
X15.1140	0.6645439364995527
X15.1142	0.7040623517273791
X15.1143	0.8005328886048673
X15.1144	0.7767940304479607
X15.1146	0.7108552418218435
X15.1147	0.7946859383068579
X15.1148	0.7177310536377784
X15.115	0.8292685777864698
X15.1150	0.7274196856659324
X15.1151	0.7219498719831947
X15.1152	0.7663065109659349
X15.1154	0.6905044378454033
X15.1155	0.686909562640655
X15.1156	0.7700025476734288
X15.1158	0.7722319686141579
X15.1159	0.7395756314225612
X15.1160	0.7126752935046899
X15.1162	0.7864454201062054
X15.1163	0.799520604711301
X15.1164	0.8258085171615204
X15.1166	0.8277498270824285
X15.1167	0.8371886440429342
X15.1168	0.673711786762151
X15.1170	0.3232096073901174
X15.1171	0.7831682028929111
X15.1172	0.7697194442855549
X15.1174	0.6537615130254324
X15.1175	0.7762849369444598
X15.1176	0.7420053152205012
X15.1178	0.646473072280582
X15.1179	0.808185161382472
X15.1180	0.8197238395774257
X15.1182	0.681065758541771
X15.1183	0.7492770661110025
X15.1184	0.7220281233702306
X15.1186	0.5608884933491572
X15.1187	0.5762746527481913
X15.1188	0.6869201664146193
X15.1190	0.61379425614349
X15.1191	0.7969477636325105
X15.1192	0.8017598354714762
X15.1194	0.6277900723210609
X15.1195	0.6483351804126805
X15.1196	0.736264650802074
X15.1198	0.7272048813958898
X15.1199	0.7265550906685391
X15.120	0.8463495091597573
X15.1200	0.7447061573418823
X15.121	0.8180437755383334
X15.1220	0.6731817505677947
X15.1221	0.7633807962717026
X15.1222	0.7375356607567597
X15.1224	0.7197043270037771
X15.1225	0.7054036828052801
X15.1226	0.8488719501362014
X15.1233	0.743250499499494
X15.1234	0.8223833043537099
X15.1237	0.7857372966289762
X15.1238	0.8616587638219462
X15.1243	0.7128963511246278
X15.1244	0.6313302708182339
X15.1249	0.8041726635606933
X15.1250	0.8156112891862793
X15.1259	0.8956545883806157
X15.126	0.8369757045758586
X15.1260	0.8830569216881415
X15.1268	0.6385532030228476
X15.1269	0.8368115983037435
X15.127	0.7927717421275732
X15.1270	0.7341807750393785
X15.1271	0.8076958343057538
X15.1272	0.8424075427842652
X15.1275	0.8793085896822759
X15.1276	0.88238867325869
X15.1302	0.7109321011445494
X15.1303	0.7776805453087973
X15.1304	0.8138084733641008
X15.1306	0.6716836630302536
X15.1307	0.7770091057135368
X15.1308	0.7293097485254998
X15.1310	0.7417130949953542
X15.1311	0.6925423909681606
X15.1312	0.7769929568932801
X15.1314	0.7425582849628983
X15.1315	0.7359726620123767
X15.1316	0.7896138558601815
X15.1318	0.6852938967721405
X15.1319	0.7935046681172211
X15.132	0.8394318634113415
X15.1320	0.7689637599938502
X15.1322	0.80061408482951
X15.1323	0.7438294499285104
X15.1324	0.7475067345408738
X15.1326	0.6759873348601925
X15.1327	0.72765677138014
X15.1328	0.7730302720971561
X15.133	0.847421043107155
X15.1330	0.7412126329998392
X15.1331	0.7892049036823271
X15.1332	0.8209346855168167
X15.1334	0.5105387708508579
X15.1336	0.7602465573166743
X15.1338	0.779851241807148
X15.1339	0.8711623787860946
X15.1340	0.7840613074149203
X15.1342	0.8038979547459607
X15.1343	0.8196083016170712
X15.1344	0.8227454131135675
X15.1346	0.5998542541818676
X15.1347	0.8310502897577918
X15.1348	0.8067220463716572
X15.1350	0.4861418060516076
X15.1351	0.8274289498774948
X15.1352	0.8130717408843111
X15.1354	0.680857347524833
X15.1355	0.7315138893047709
X15.1356	0.8125091022165385
X15.1358	0.6787573469004071
X15.1359	0.7944486739238145
X15.1360	0.8116840750238833
X15.1366	0.7907014044362574
X15.1367	0.8169630555825605
X15.1368	0.7985621047297402
X15.1370	0.60896565637999
X15.1371	0.7991932768314056
X15.1372	0.8069089874447373
X15.1374	0.387749659328958
X15.1375	0.7906785375791036
X15.1376	0.8616046835848129
X15.1378	0.769392900553969
X15.1379	0.8096743266529319
X15.1380	0.7957835289679096
X15.1382	0.644008853420141
X15.1383	0.816723480954399
X15.1384	0.7923303906822184
X15.1386	0.7102760676885894
X15.1387	0.8194707220042946
X15.1390	0.6588554284361671
X15.1391	0.8115258026212953
X15.1392	0.758398890405031
X15.1394	0.6052768529891708
X15.1395	0.7813987692732012
X15.1396	0.7745990482365752
X15.1398	0.6284955258681012
X15.1399	0.7793252824913042
X15.14	0.9055207460172331
X15.1400	0.7251687862890688
X15.152	0.8506321995071092
X15.156	0.7088442313902533
X15.157	0.7491497611330532
X15.161	0.7889878542319044
X15.162	0.8308876164582943
X15.167	0.8796792274828317
X15.168	0.8325410972985015
X15.171	0.7498056930401182
X15.172	0.8078682568768548
X15.175	0.779822542294834
X15.176	0.8705875601717524
X15.179	0.8180961167308576
X15.180	0.7880470088601802
X15.185	0.7248229005603971
X15.186	0.7848832207146927
X15.19	0.9310650325279561
X15.191	0.8368219500012226
X15.192	0.811263329655796
X15.197	0.7587822021595034
X15.198	0.5817525985027783
X15.204	0.800922366922307
X15.210	0.825344611702456
X15.211	0.8275948714413006
X15.216	0.8849462955726137
X15.217	0.8639487646759474
X15.222	0.7868544297421701
X15.223	0.8337487121421379
X15.228	0.8673297862756911
X15.229	0.7729373863101906
X15.234	0.7674496623751237
X15.235	0.7438488174855272
X15.24	0.8872592044076437
X15.240	0.809583359511716
X15.241	0.7743864342325432
X15.246	0.8067293994816839
X15.247	0.7360424910694717
X15.25	0.8232176110363891
X15.252	0.7834430358649994
X15.253	0.7335280395321654
X15.259	0.7498469113542942
X15.260	0.6653992403324622
X15.265	0.8344549023553546
X15.266	0.8295211403852855
X15.271	0.6655197127358488
X15.272	0.6846792975086912
X15.278	0.876844643319035
X15.279	0.8427827622571615
X15.284	0.8444702582133864
X15.285	0.8228705536236407
X15.290	0.8181840450473821
X15.291	0.8166524562508806
X15.30	0.8641632458507763
X15.31	0.6468890673139868
X15.331	0.7638707318822157
X15.332	0.8116764623067758
X15.335	0.8187264486940579
X15.336	0.8122474895854801
X15.34	0.8908720042697148
X15.342	0.7439478609493275
X15.343	0.7857207675655408
X15.347	0.830694877694037
X15.348	0.8118757827693829
X15.35	0.8521751104222407
X15.353	0.7208769264084204
X15.354	0.4675464729387341
X15.359	0.8206372941541469
X15.360	0.7742939120420235
X15.364	0.7453672585226498
X15.367	0.6952526141077183
X15.368	0.694863555485633
X15.371	0.6763524231384372
X15.372	0.7299110846220529
X15.380	0.7811133781171774
X15.381	0.7308732514455182
X15.384	0.7034989348021798
X15.385	0.7942383671988703
X15.389	0.7822512964835814
X15.390	0.8150005269949385
X15.393	0.7818454582247568
X15.394	0.7491567508799014
X15.397	0.8315116508872964
X15.398	0.6962679401222029
X15.40	0.882255505217226
X15.401	0.7864468423414837
X15.402	0.7091443562398144
X15.405	0.799371573628087
X15.406	0.8289813405670252
X15.41	0.7680097084672309
X15.410	0.8027076138265985
X15.411	0.8137456401312864
X15.416	0.8199758423637205
X15.417	0.8314327034973027
X15.422	0.8205683836222399
X15.423	0.7773513971028484
X15.428	0.8600566969361876
X15.429	0.8472901203840258
X15.435	0.8254148266538592
X15.436	0.8141883482319364
X15.443	0.900037565175178
X15.444	0.8560604421481234
X15.454	0.7506952619221683
X15.455	0.636743239716592
X15.459	0.805108386742564
X15.46	0.8062713717087268
X15.460	0.7017250816280441
X15.463	0.80881859303588
X15.464	0.7977845009423636
X15.468	0.8300951214739515
X15.469	0.7571943215888339
X15.47	0.8042380693831969
X15.474	0.7368310842985981
X15.475	0.8017128275736009
X15.479	0.6554803203549932
X15.480	0.8389144262491215
X15.485	0.8095179966479605
X15.486	0.7281605760746345
X15.497	0.7346056962701707
X15.503	0.6923259382705429
X15.504	0.8017236137574881
X15.507	0.8203393576507714
X15.508	0.7944936345903335
X15.513	0.7929106710741097
X15.514	0.8011250125782869
X15.519	0.8220664463700197
X15.52	0.8401800603944637
X15.520	0.6487820525493871
X15.525	0.8773098871120564
X15.526	0.75520388305197
X15.53	0.8223431045585082
X15.531	0.8596857322846239
X15.532	0.8147776534889604
X15.537	0.8514347915369207
X15.538	0.8324569494508344
X15.549	0.8155289346226391
X15.575	0.7090136131281298
X15.576	0.7816424992339102
X15.579	0.6433375649844691
X15.58	0.8672065094418068
X15.580	0.6115474661479436
X15.581	0.6873049606158923
X15.582	0.7691390487758751
X15.593	0.8026601423452909
X15.594	0.8388478222923773
X15.597	0.7744271165054635
X15.598	0.7674544418022593
X15.603	0.775995114682406
X15.604	0.7268159883888391
X15.609	0.7830602549353074
X15.610	0.8103538891098968
X15.615	0.7906425889931573
X15.616	0.777117691925223
X15.621	0.7695925815977632
X15.622	0.7319976968910398
X15.627	0.7735724475144881
X15.628	0.7740738325427224
X15.633	0.7588581114620262
X15.634	0.5480778953226979
X15.639	0.7968582165621755
X15.64	0.7953003572890636
X15.640	0.7483232696972517
X15.645	0.7151977853184296
X15.646	0.7257695870943228
X15.65	0.5670064341625641
X15.651	0.8101895453324218
X15.652	0.583721021006977
X15.657	0.5493215607278411
X15.658	0.7704599757538183
X15.664	0.7135778311338099
X15.665	0.7115829920910396
X15.670	0.7816677517403708
X15.671	0.7408396621650166
X15.676	0.76732279056131
X15.677	0.7501813578251926
X15.682	0.8406111916450278
X15.683	0.8056774903392581
X15.688	0.7753463772615428
X15.689	0.7786793919260255
X15.694	0.8658634379488305
X15.695	0.5954986541509313
X15.702	0.5708114848703694
X15.703	0.8551875972598563
X15.704	0.6046898753435037
X15.706	0.7539163340074385
X15.707	0.7367099058198496
X15.708	0.7486612950915805
X15.71	0.6821099668600906
X15.710	0.8000538105335548
X15.711	0.8910407443240663
X15.712	0.8211817368508565
X15.714	0.6649535553954772
X15.715	0.6963278725078882
X15.716	0.7413575968933894
X15.718	0.6960098771370492
X15.719	0.7671188353990793
X15.72	0.8202063099606619
X15.720	0.7245163214559913
X15.722	0.6644097367467113
X15.723	0.8084612776435377
X15.724	0.8179074623985378
X15.726	0.7821108357389855
X15.727	0.8568341737897583
X15.728	0.8478547096816482
X15.730	0.5451868127054705
X15.731	0.8314717532182234
X15.734	0.6598939222629694
X15.735	0.7453292752691532
X15.736	0.6770816100585381
X15.738	0.5946061793526773
X15.739	0.8304826870495017
X15.740	0.5947597378319225
X15.743	0.6308970007235903
X15.747	0.754905579568885
X15.748	0.8562142171539873
X15.749	0.8148374098809651
X15.751	0.5629175338194173
X15.752	0.8334665959764568
X15.753	0.7624724738318183
X15.755	0.7688764937100094
X15.756	0.8566454971194917
X15.757	0.7881147473589468
X15.759	0.8198930281267516
X15.760	0.8427224004688313
X15.761	0.7616563167144919
X15.763	0.5741498584249228
X15.764	0.84551319305712
X15.765	0.8272901199354727
X15.767	0.6933331829324386
X15.768	0.8352947513082217
X15.769	0.7952034585545268
X15.77	0.8339340480376369
X15.774	0.8460304614236569
X15.777	0.6828464011871092
X15.778	0.7953275861132693
X15.779	0.7461870826583075
X15.78	0.8674982568268759
X15.781	0.5010596440353743
X15.782	0.8107102872556649
X15.783	0.7077743573486022
X15.785	0.6594299267787149
X15.787	0.7896952020936304
X15.789	0.8477229593566556
X15.790	0.862038159695504
X15.791	0.8565918618921554
X15.798	0.7474362085094816
X15.799	0.8382276539414006
X15.800	0.7876078066697336
X15.809	0.6453301146982727
X15.810	0.8577746649151866
X15.811	0.9135992974310743
X15.813	0.4615715820070168
X15.814	0.7865015447222811
X15.815	0.8101812946193758
X15.817	0.5346146316082367
X15.818	0.8025621798084716
X15.821	0.554936843289096
X15.822	0.9115403128731858
X15.823	0.9148196956256908
X15.825	0.6511349202531196
X15.826	0.8934738104428106
X15.827	0.8638662283061722
X15.83	0.8840777181556031
X15.831	0.49341231442759953
X15.833	0.7490513747789392
X15.837	0.6830336038902408
X15.838	0.6484832448952679
X15.839	0.8285666383231449
X15.84	0.7906828722599919
X15.841	0.6087419663963842
X15.842	0.842525694836924
X15.843	0.8348154390705583
X15.845	0.26735064549935234
X15.846	0.554068618640785
X15.847	0.7885384577167123
X15.854	0.8853610347579226
X15.855	0.8467390380866413
X15.862	0.8077867731298685
X15.863	0.8057332743112894
X15.869	0.673400599721545
X15.870	0.5777653213012119
X15.89	0.8700399036879229
X15.90	0.8499409815385335
X15.903	0.803599284717379
X15.904	0.8053815547493725
X15.907	0.7592338854418239
X15.908	0.8536484056519376
X15.923	0.7896543491842516
X15.924	0.7437687047009639
X15.926	0.7653699338101784
X15.927	0.8592074021155266
X15.928	0.8515582094592518
X15.938	0.7345994776564877
X15.939	0.7914970409023092
X15.948	0.7264888407756164
X15.949	0.7336160307966209
X15.95	0.8816643859728615
X15.950	0.8096596064628936
X15.96	0.8592222663313683
X15-1047	0.5689884704134947
X15-1048	0.35322203471261715
X15-1049	0.7345708188270924
X15-1051	0.7509370260138574
X15-1052	0.6833141661854825
X15-1701	0.5799681032802203
X15-1702	0.6480634630045029
X15-1704	0.5841328356798436
X15-1707	0.5474134003211216
X15-1708	0.5765332076758275
X15-1709	0.25837213531424946
X15-1712	0.7214464764204568
X15-1713	0.6641073816180397
X15-1714	0.6700226261859402
X15-1717	0.7219327945086285
X15-1719	0.3836486635396694
X15-1720	0.6325543630884911
X15-1722	0.6960680273531014
X15-1723	0.7002407837131126
X15-1724	0.737310706207489
X15-1725	0.3753737876554718
X15-1732	0.6165701672544126
X15-1787	0.6929728083739292
X15-17X15	0.5142850230121696
X15-802	0.8217460429724677
X15-806	0.7653798793896007
X15-807	0.7305544186216038
X15-912	0.7547281216277048
X15-913	0.8676481695187998
X15-914	0.7614949251366271
X15-916	0.7655390769793037
X15-917	0.6361225326998463
X15-918	0.5415903172416536
X15-919	0.6933204433968836
X15-9X15	0.6216019063023225
X16-1102	0.8733740764894994
X16-1103	0.6025207228289348
X16-1104	0.28491907684557544
X16-1105	0.3934495965244878
X16-1106	0.8307882009620213
X16-1108	0.8212145644771874
X16-1109	0.5961472104359822
X16-1112	0.6834704322668018
X16-1113	0.18218887842894835
X16-1114	0.050510174541422655
X16-1115	0.7110075961254428
X16-1116	0.5933614181119378
X16-1117	0.20547429302508158
X16-1118	0.7032588255984775
X16-1121	0.6889115084787698
X16-1122	0.3757831700758622
X16-1123	0.7100790070564735
X16-1124	0.4489387886710712
X16-1125	0.6571389136047144
X16-1126	0.7973673126011117
X16-1127	0.7778370523393957
X16-1128	0.511704684050578
X16-1129	0.7019910276183687
X16-1130	0.40076291095836103
X16-1131	0.5241894218583116
X16-1132	0.8019980016781274
X16-1133	0.7544362913440185
X16-1136	0.8286873833682522
X16-1140	0.8493442643123985
X16-1142	0.7903880445777399
X16-1146	0.8897449283010882
X16-1150	0.7361179915714491
X16-1201	0.600470609464622
X16-1202	0.8069887331148905
X16-1203	0.6173953317450773
X16-1204	0.6753118813220716
X16-1205	0.4752790103952942
X16-1206	0.7042809035038257
X16-1207	0.8489414973174477
X16-1208	0.8452944818122478
X16-1211	0.7448236451882198
X16-1212	0.7012757743065658
X16-1213	0.8262480706537254
X16-1214	0.7624279482798666
X16-1215	0.5367750278892078
X16-1216	0.7863338349821469
X16-1217	0.7365645439049544
X16-1218	0.7170250618272495
X16-1219	0.6097594732747457
X16-1220	0.6912819598750761
X16-1222	0.833899017723656
X16-1223	0.7774769654732283
X16-1224	0.6754057900981546
X16-1225	0.7326216625321449
X16-1226	0.7886148603756176
X16-1227	0.6444578199062407
X16-1231	0.5317458043023031
X16-1232	0.5503270654747824
X16-1233	0.6279069650505658
X16-1234	0.806804956456858
X16-1236	0.7368218477004889
X16-1238	0.6977570438712923
X16-1240	0.834029338314345
X16-1241	0.8510201962710928
X16-1242	0.629895362618285
X16-1244	0.8366671936807102
X16-1245	0.6827829518068474
X16-1246	0.5277117719202884
X16-1247	0.6303638422169424
X16-1248	0.7860805164904155
X16-1249	0.7026231005608181
X16-1250	0.5855269318955199
X16-1251	0.7325825323038503
X16-1252	0.828835836977528
X16-1254	0.8438690464520289
X16-1255	0.816761993526843
X16-1257	0.8406363751622028
X16-1259	0.6560400346611363
X16-1261	0.47181457838645746
X16-1262	0.46888377136925374
X16-1263	0.5970790849061695
