	observed_otus
X15.1	202
X15.1053	139
X15.1055	117
X15.1062	169
X15.1081	112
X15.1083	182
X15.1085	196
X15.1086	114
X15.1091	110
X15.1092	121
X15.1095	181
X15.1227	224
X15.1231	172
X15.1239	238
X15.1245	149
X15.1251	114
X15.1253	85
X15.1254	127
X15.1255	125
X15.1256	107
X15.1261	225
X15.1262	112
X15.1263	95
X15.1280	106
X15.1281	104
X15.15	80
X15.2	115
X15.376	116
X15.487	99
X15.489	81
X15.492	84
X15.515	201
X15.527	175
X15.551	205
X15.696	177
X15.698	161
X15.7	89
X15.794	228
X15.848	101
X15.85	204
X15.850	122
X15.865	150
X15.909	152
X15.910	185
X15.920	166
X15.959	188
X15.960	240
XDNA.Neg27	184
XDNA.Neg4	262
XPCR.Neg3	335
XVenFeb16.1007	212
XVenFeb16.1008	137
XVenFeb16.101	184
XVenFeb16.1012	268
XVenFeb16.1017	65
XVenFeb16.1021	190
XVenFeb16.1025	57
XVenFeb16.1029	115
XVenFeb16.1034	21
XVenFeb16.1038	199
XVenFeb16.1043	221
XVenFeb16.1047	82
XVenFeb16.105	263
XVenFeb16.1051	155
XVenFeb16.1055	282
XVenFeb16.1059	248
XVenFeb16.1064	28
XVenFeb16.1068	318
XVenFeb16.107	226
XVenFeb16.1086	132
XVenFeb16.1088	329
XVenFeb16.109	135
XVenFeb16.1090	193
XVenFeb16.1092	181
XVenFeb16.1094	127
XVenFeb16.1096	202
XVenFeb16.1098	156
XVenFeb16.111	139
XVenFeb16.113	135
XVenFeb16.115	82
XVenFeb16.1165	181
XVenFeb16.1175	236
XVenFeb16.1195	127
XVenFeb16.12	145
XVenFeb16.121	211
XVenFeb16.123	129
XVenFeb16.125	261
XVenFeb16.127	152
XVenFeb16.1270	193
XVenFeb16.1276	187
XVenFeb16.1282	151
XVenFeb16.1288	159
XVenFeb16.129	121
XVenFeb16.1290	238
XVenFeb16.1292	107
XVenFeb16.1296	26
XVenFeb16.1302	102
XVenFeb16.1306	100
XVenFeb16.131	85
XVenFeb16.1310	58
XVenFeb16.1318	31
XVenFeb16.1322	32
XVenFeb16.1326	34
XVenFeb16.133	137
XVenFeb16.1330	34
XVenFeb16.1334	108
XVenFeb16.1338	61
XVenFeb16.1342	192
XVenFeb16.1346	112
XVenFeb16.135	141
XVenFeb16.1350	23
XVenFeb16.1354	64
XVenFeb16.1358	14
XVenFeb16.1362	22
XVenFeb16.1366	89
XVenFeb16.137	115
XVenFeb16.141	56
XVenFeb16.143	135
XVenFeb16.145	242
XVenFeb16.147	149
XVenFeb16.149	200
XVenFeb16.157	57
XVenFeb16.1601	223
XVenFeb16.1602	152
XVenFeb16.1603	255
XVenFeb16.1604	197
XVenFeb16.1605	281
XVenFeb16.1606	325
XVenFeb16.1607	168
XVenFeb16.1609	251
XVenFeb16.161	11
XVenFeb16.1611	113
XVenFeb16.1612	109
XVenFeb16.1613	189
XVenFeb16.1614	260
XVenFeb16.1616	204
XVenFeb16.1618	222
XVenFeb16.1620	210
XVenFeb16.1622	241
XVenFeb16.1624	170
XVenFeb16.1626	258
XVenFeb16.1627	60
XVenFeb16.1628	227
XVenFeb16.1629	231
XVenFeb16.1631	162
XVenFeb16.1632	199
XVenFeb16.1634	72
XVenFeb16.1635	196
XVenFeb16.1637	238
XVenFeb16.1639	212
XVenFeb16.1641	157
XVenFeb16.1643	145
XVenFeb16.1644	148
XVenFeb16.1646	109
XVenFeb16.1647	161
XVenFeb16.1649	139
XVenFeb16.1651	176
XVenFeb16.1653	398
XVenFeb16.1654	150
XVenFeb16.1656	196
XVenFeb16.1658	140
XVenFeb16.1660	52
XVenFeb16.1662	311
XVenFeb16.1664	153
XVenFeb16.1665	257
XVenFeb16.1666	179
XVenFeb16.1668	264
XVenFeb16.1669	189
XVenFeb16.1671	211
XVenFeb16.1673	137
XVenFeb16.1675	77
XVenFeb16.1677	128
XVenFeb16.1678	218
XVenFeb16.1680	231
XVenFeb16.1688	143
XVenFeb16.169	77
XVenFeb16.1694	131
XVenFeb16.1700	159
XVenFeb16.1701	160
XVenFeb16.1702	237
XVenFeb16.1703	191
XVenFeb16.1704	167
XVenFeb16.1705	150
XVenFeb16.1707	208
XVenFeb16.1708	232
XVenFeb16.1710	234
XVenFeb16.1712	216
XVenFeb16.1713	210
XVenFeb16.1715	242
XVenFeb16.1717	154
XVenFeb16.1719	132
XVenFeb16.1721	291
XVenFeb16.1723	151
XVenFeb16.1724	179
XVenFeb16.1726	155
XVenFeb16.1728	280
XVenFeb16.173	44
XVenFeb16.1730	252
XVenFeb16.1732	160
XVenFeb16.1734	165
XVenFeb16.1736	266
XVenFeb16.1737	283
XVenFeb16.1739	47
XVenFeb16.1740	294
XVenFeb16.1742	267
XVenFeb16.1744	256
XVenFeb16.1746	170
XVenFeb16.1748	149
XVenFeb16.1750	258
XVenFeb16.1752	283
XVenFeb16.1754	223
XVenFeb16.1756	154
XVenFeb16.1757	141
XVenFeb16.1759	251
XVenFeb16.1761	142
XVenFeb16.1763	165
XVenFeb16.1765	249
XVenFeb16.1767	269
XVenFeb16.1769	252
XVenFeb16.177	27
XVenFeb16.1771	216
XVenFeb16.1773	210
XVenFeb16.1777	196
XVenFeb16.1779	122
XVenFeb16.1781	153
XVenFeb16.1783	181
XVenFeb16.1785	294
XVenFeb16.1787	113
XVenFeb16.1789	227
XVenFeb16.1791	234
XVenFeb16.1793	275
XVenFeb16.1795	277
XVenFeb16.1797	285
XVenFeb16.1799	189
XVenFeb16.18	214
XVenFeb16.189	32
XVenFeb16.193	37
XVenFeb16.201	42
XVenFeb16.205	119
XVenFeb16.209	21
XVenFeb16.221	51
XVenFeb16.225	8
XVenFeb16.237	79
XVenFeb16.241	79
XVenFeb16.245	116
XVenFeb16.25	208
XVenFeb16.253	155
XVenFeb16.255	157
XVenFeb16.257	183
XVenFeb16.259	306
XVenFeb16.266	132
XVenFeb16.267	285
XVenFeb16.269	144
XVenFeb16.271	181
XVenFeb16.273	194
XVenFeb16.275	236
XVenFeb16.277	157
XVenFeb16.281	205
XVenFeb16.283	114
XVenFeb16.285	216
XVenFeb16.287	23
XVenFeb16.289	120
XVenFeb16.293	98
XVenFeb16.295	120
XVenFeb16.297	260
XVenFeb16.299	105
XVenFeb16.301	229
XVenFeb16.303	139
XVenFeb16.305	191
XVenFeb16.307	122
XVenFeb16.309	75
XVenFeb16.311	184
XVenFeb16.313	34
XVenFeb16.315	119
XVenFeb16.32	203
XVenFeb16.322	134
XVenFeb16.323	90
XVenFeb16.328	216
XVenFeb16.333	107
XVenFeb16.337	71
XVenFeb16.342	100
XVenFeb16.346	58
XVenFeb16.350	17
XVenFeb16.354	97
XVenFeb16.358	20
XVenFeb16.362	23
XVenFeb16.366	64
XVenFeb16.374	62
XVenFeb16.38	212
XVenFeb16.382	233
XVenFeb16.384	132
XVenFeb16.392	170
XVenFeb16.40	98
XVenFeb16.400	190
XVenFeb16.417	39
XVenFeb16.421	130
XVenFeb16.425	105
XVenFeb16.429	80
XVenFeb16.433	23
XVenFeb16.437	22
XVenFeb16.441	19
XVenFeb16.457	18
XVenFeb16.477	105
XVenFeb16.485	111
XVenFeb16.489	83
XVenFeb16.493	84
XVenFeb16.497	17
XVenFeb16.505	281
XVenFeb16.509	236
XVenFeb16.511	166
XVenFeb16.513	146
XVenFeb16.515	221
XVenFeb16.519	287
XVenFeb16.525	207
XVenFeb16.527	193
XVenFeb16.529	175
XVenFeb16.533	150
XVenFeb16.535	232
XVenFeb16.537	144
XVenFeb16.539	207
XVenFeb16.541	258
XVenFeb16.544	255
XVenFeb16.546	109
XVenFeb16.55	243
XVenFeb16.552	250
XVenFeb16.556	53
XVenFeb16.564	40
XVenFeb16.568	15
XVenFeb16.572	127
XVenFeb16.584	70
XVenFeb16.588	40
XVenFeb16.592	38
XVenFeb16.596	182
XVenFeb16.6	182
XVenFeb16.60	21
XVenFeb16.604	34
XVenFeb16.616	286
XVenFeb16.617	199
XVenFeb16.621	282
XVenFeb16.622	294
XVenFeb16.623	208
XVenFeb16.624	177
XVenFeb16.626	177
XVenFeb16.627	185
XVenFeb16.628	147
XVenFeb16.637	15
XVenFeb16.64	74
XVenFeb16.646	140
XVenFeb16.663	136
XVenFeb16.675	190
XVenFeb16.679	187
XVenFeb16.701	122
XVenFeb16.705	138
XVenFeb16.710	216
XVenFeb16.714	10
XVenFeb16.718	54
XVenFeb16.730	90
XVenFeb16.734	36
XVenFeb16.738	30
XVenFeb16.746	238
XVenFeb16.750	102
XVenFeb16.755	144
XVenFeb16.759	142
XVenFeb16.763	77
XVenFeb16.767	120
XVenFeb16.77	43
XVenFeb16.771	162
XVenFeb16.775	204
XVenFeb16.779	166
XVenFeb16.783	21
XVenFeb16.787	121
XVenFeb16.791	36
XVenFeb16.795	142
XVenFeb16.799	105
XVenFeb16.803	350
XVenFeb16.81	110
XVenFeb16.811	111
XVenFeb16.815	73
XVenFeb16.819	32
XVenFeb16.823	29
XVenFeb16.827	358
XVenFeb16.832	114
XVenFeb16.836	76
XVenFeb16.840	49
XVenFeb16.844	40
XVenFeb16.848	144
XVenFeb16.852	113
XVenFeb16.857	32
XVenFeb16.861	48
XVenFeb16.865	50
XVenFeb16.873	24
XVenFeb16.877	134
XVenFeb16.881	86
XVenFeb16.886	8
XVenFeb16.89	65
XVenFeb16.890	123
XVenFeb16.898	108
XVenFeb16.97	152
X15.1057	31
X15.1058	56
X15.1064	177
X15.1065	121
X15.1229	19
X15.1230	39
X15.1235	50
X15.1236	51
X15.1247	125
X15.1248	104
X15.1257	37
X15.1258	121
X15.1265	109
X15.1266	84
X15.1273	101
X15.1274	66
X15.150	45
X15.151	35
X15.17	154
X15.18	78
X15.22	108
X15.23	74
X15.28	201
X15.29	68
X15.441	63
X15.442	87
X15.494	57
X15.495	39
X15.501	32
X15.502	73
X15.573	22
X15.574	41
X15.577	93
X15.578	34
X15.591	113
X15.592	127
X15.692	105
X15.693	48
X15.852	78
X15.853	65
X15.856	100
X15.857	47
X15.860	115
X15.861	65
X15.901	140
X15.902	99
X15.905	37
X15.906	70
X15.921	26
X15.922	56
XVenFeb16.100	533
XVenFeb16.1001	27
XVenFeb16.1013	107
XVenFeb16.102	90
XVenFeb16.1022	58
XVenFeb16.1026	22
XVenFeb16.103	254
XVenFeb16.1030	159
XVenFeb16.1035	60
XVenFeb16.1039	52
XVenFeb16.104	309
XVenFeb16.1044	121
XVenFeb16.1048	153
XVenFeb16.1056	65
XVenFeb16.1060	130
XVenFeb16.1065	29
XVenFeb16.1069	45
XVenFeb16.1075	114
XVenFeb16.1076	40
XVenFeb16.1082	67
XVenFeb16.1083	40
XVenFeb16.1166	115
XVenFeb16.1194	61
XVenFeb16.1264	25
XVenFeb16.1265	60
XVenFeb16.1271	28
XVenFeb16.1272	46
XVenFeb16.1279	138
XVenFeb16.1284	39
XVenFeb16.1285	51
XVenFeb16.1297	25
XVenFeb16.1311	100
XVenFeb16.1315	70
XVenFeb16.1319	83
XVenFeb16.1327	75
XVenFeb16.1331	128
XVenFeb16.1335	67
XVenFeb16.1343	97
XVenFeb16.1347	33
XVenFeb16.1351	23
XVenFeb16.1355	86
XVenFeb16.1359	54
XVenFeb16.1363	87
XVenFeb16.1367	66
XVenFeb16.1374	43
XVenFeb16.1375	126
XVenFeb16.1378	25
XVenFeb16.1379	103
XVenFeb16.1382	57
XVenFeb16.1383	127
XVenFeb16.1386	174
XVenFeb16.1387	33
XVenFeb16.1394	238
XVenFeb16.1395	124
XVenFeb16.1398	75
XVenFeb16.1399	168
XVenFeb16.14	84
XVenFeb16.1402	46
XVenFeb16.1403	183
XVenFeb16.15	45
XVenFeb16.154	74
XVenFeb16.155	542
XVenFeb16.156	625
XVenFeb16.160	497
XVenFeb16.162	55
XVenFeb16.163	668
XVenFeb16.164	549
XVenFeb16.166	82
XVenFeb16.167	561
XVenFeb16.168	513
XVenFeb16.1682	145
XVenFeb16.1683	72
XVenFeb16.1689	28
XVenFeb16.1695	85
XVenFeb16.1696	86
XVenFeb16.170	31
XVenFeb16.171	466
XVenFeb16.172	443
XVenFeb16.174	83
XVenFeb16.176	350
XVenFeb16.178	14
XVenFeb16.179	400
XVenFeb16.180	438
XVenFeb16.182	94
XVenFeb16.183	336
XVenFeb16.184	495
XVenFeb16.186	100
XVenFeb16.187	338
XVenFeb16.194	82
XVenFeb16.195	405
XVenFeb16.196	390
XVenFeb16.198	124
XVenFeb16.199	175
XVenFeb16.1999	17
XVenFeb16.2	44
XVenFeb16.20	54
XVenFeb16.200	292
XVenFeb16.202	19
XVenFeb16.204	50
XVenFeb16.206	29
XVenFeb16.208	441
XVenFeb16.210	17
XVenFeb16.211	492
XVenFeb16.212	358
XVenFeb16.214	107
XVenFeb16.215	392
XVenFeb16.216	721
XVenFeb16.218	87
XVenFeb16.219	710
XVenFeb16.220	336
XVenFeb16.226	47
XVenFeb16.227	451
XVenFeb16.228	411
XVenFeb16.230	65
XVenFeb16.231	475
XVenFeb16.232	440
XVenFeb16.234	33
XVenFeb16.235	281
XVenFeb16.236	488
XVenFeb16.238	24
XVenFeb16.240	209
XVenFeb16.242	50
XVenFeb16.243	508
XVenFeb16.244	433
XVenFeb16.246	46
XVenFeb16.247	537
XVenFeb16.248	496
XVenFeb16.250	32
XVenFeb16.251	405
XVenFeb16.252	513
XVenFeb16.261	98
XVenFeb16.262	45
XVenFeb16.27	87
XVenFeb16.28	45
XVenFeb16.317	78
XVenFeb16.318	20
XVenFeb16.326	235
XVenFeb16.329	66
XVenFeb16.330	277
XVenFeb16.331	448
XVenFeb16.334	103
XVenFeb16.335	375
XVenFeb16.336	242
XVenFeb16.338	43
XVenFeb16.339	262
XVenFeb16.34	55
XVenFeb16.340	314
XVenFeb16.345	246
XVenFeb16.347	95
XVenFeb16.348	394
XVenFeb16.349	368
XVenFeb16.35	22
XVenFeb16.351	56
XVenFeb16.353	625
XVenFeb16.355	46
XVenFeb16.356	320
XVenFeb16.357	413
XVenFeb16.360	558
XVenFeb16.361	777
XVenFeb16.363	39
XVenFeb16.364	396
XVenFeb16.365	349
XVenFeb16.367	111
XVenFeb16.369	368
XVenFeb16.371	76
XVenFeb16.372	620
XVenFeb16.373	283
XVenFeb16.375	74
XVenFeb16.376	360
XVenFeb16.377	361
XVenFeb16.379	95
XVenFeb16.385	39
XVenFeb16.386	349
XVenFeb16.387	542
XVenFeb16.389	97
XVenFeb16.394	87
XVenFeb16.395	50
XVenFeb16.412	406
XVenFeb16.414	152
XVenFeb16.416	404
XVenFeb16.419	464
XVenFeb16.420	455
XVenFeb16.422	123
XVenFeb16.423	507
XVenFeb16.424	423
XVenFeb16.427	395
XVenFeb16.43	74
XVenFeb16.430	114
XVenFeb16.431	296
XVenFeb16.432	383
XVenFeb16.434	62
XVenFeb16.435	412
XVenFeb16.436	327
XVenFeb16.438	109
XVenFeb16.439	450
XVenFeb16.440	161
XVenFeb16.442	106
XVenFeb16.443	258
XVenFeb16.446	116
XVenFeb16.447	432
XVenFeb16.458	92
XVenFeb16.459	418
XVenFeb16.46	88
XVenFeb16.47	316
XVenFeb16.478	143
XVenFeb16.479	295
XVenFeb16.48	190
XVenFeb16.480	250
XVenFeb16.487	243
XVenFeb16.488	279
XVenFeb16.490	113
XVenFeb16.492	566
XVenFeb16.494	82
XVenFeb16.496	374
XVenFeb16.498	29
XVenFeb16.499	435
XVenFeb16.500	320
XVenFeb16.502	101
XVenFeb16.503	444
XVenFeb16.504	647
XVenFeb16.51	118
XVenFeb16.52	456
XVenFeb16.53	463
XVenFeb16.549	111
XVenFeb16.550	795
XVenFeb16.551	264
XVenFeb16.553	52
XVenFeb16.555	311
XVenFeb16.557	120
XVenFeb16.558	491
XVenFeb16.559	464
XVenFeb16.56	32
XVenFeb16.562	435
XVenFeb16.563	496
XVenFeb16.565	26
XVenFeb16.566	611
XVenFeb16.567	355
XVenFeb16.569	34
XVenFeb16.57	236
XVenFeb16.571	235
XVenFeb16.573	87
XVenFeb16.574	238
XVenFeb16.575	175
XVenFeb16.578	441
XVenFeb16.579	486
XVenFeb16.58	305
XVenFeb16.582	457
XVenFeb16.583	493
XVenFeb16.585	150
XVenFeb16.587	376
XVenFeb16.589	95
XVenFeb16.590	366
XVenFeb16.591	411
XVenFeb16.594	276
XVenFeb16.595	489
XVenFeb16.597	113
XVenFeb16.599	265
XVenFeb16.601	116
XVenFeb16.603	301
XVenFeb16.605	120
XVenFeb16.606	394
XVenFeb16.607	338
XVenFeb16.609	108
XVenFeb16.61	90
XVenFeb16.610	216
XVenFeb16.611	330
XVenFeb16.613	59
XVenFeb16.614	416
XVenFeb16.615	325
XVenFeb16.629	94
XVenFeb16.63	425
XVenFeb16.634	55
XVenFeb16.635	262
XVenFeb16.636	250
XVenFeb16.639	209
XVenFeb16.640	217
XVenFeb16.642	155
XVenFeb16.643	469
XVenFeb16.644	392
XVenFeb16.647	138
XVenFeb16.649	348
XVenFeb16.65	56
XVenFeb16.651	72
XVenFeb16.652	304
XVenFeb16.653	371
XVenFeb16.66	396
XVenFeb16.664	101
XVenFeb16.668	117
XVenFeb16.67	299
XVenFeb16.672	43
XVenFeb16.676	53
XVenFeb16.680	130
XVenFeb16.69	126
XVenFeb16.70	332
XVenFeb16.702	176
XVenFeb16.706	136
XVenFeb16.71	484
XVenFeb16.715	45
XVenFeb16.719	174
XVenFeb16.723	89
XVenFeb16.727	82
XVenFeb16.731	20
XVenFeb16.735	47
XVenFeb16.739	50
XVenFeb16.74	99
XVenFeb16.75	436
XVenFeb16.751	108
XVenFeb16.756	75
XVenFeb16.76	642
XVenFeb16.760	36
XVenFeb16.764	99
XVenFeb16.768	131
XVenFeb16.772	104
XVenFeb16.776	233
XVenFeb16.784	21
XVenFeb16.788	134
XVenFeb16.792	18
XVenFeb16.796	178
XVenFeb16.8	28
XVenFeb16.80	413
XVenFeb16.800	49
XVenFeb16.804	53
XVenFeb16.808	45
XVenFeb16.816	96
XVenFeb16.82	64
XVenFeb16.820	20
XVenFeb16.824	51
XVenFeb16.828	64
XVenFeb16.83	279
XVenFeb16.833	19
XVenFeb16.837	41
XVenFeb16.84	559
XVenFeb16.841	165
XVenFeb16.849	61
XVenFeb16.853	173
XVenFeb16.858	142
XVenFeb16.86	112
XVenFeb16.862	90
XVenFeb16.866	68
XVenFeb16.87	406
XVenFeb16.870	146
XVenFeb16.874	21
XVenFeb16.88	720
XVenFeb16.882	37
XVenFeb16.887	79
XVenFeb16.891	146
XVenFeb16.895	130
XVenFeb16.899	93
XVenFeb16.9	71
XVenFeb16.90	59
XVenFeb16.91	213
XVenFeb16.92	549
XVenFeb16.94	48
XVenFeb16.96	561
XVenFeb16.98	58
XVenFeb16.99	604
X15.158	28
X15.205	22
X15.21	2
X15.254	29
X15.337	63
X15.344	61
X15.373	8
X15.407	21
X15.430	65
X15.456	62
X15.465	61
X15.476	21
X15.491	7
X15.66	9
X15.741	30
X15.770	75
X15.775	52
X15.864	3
X15.97	46
XVenFeb16.1010	276
XVenFeb16.1015	259
XVenFeb16.1016	16
XVenFeb16.1020	444
XVenFeb16.1027	261
XVenFeb16.1033	45
XVenFeb16.1041	113
XVenFeb16.1042	27
XVenFeb16.1046	124
XVenFeb16.1050	244
XVenFeb16.1053	253
XVenFeb16.1057	244
XVenFeb16.1058	233
XVenFeb16.1061	225
XVenFeb16.1062	199
XVenFeb16.1063	72
XVenFeb16.1066	212
XVenFeb16.1067	184
XVenFeb16.1085	145
XVenFeb16.1191	53
XVenFeb16.1266	288
XVenFeb16.1275	31
XVenFeb16.1280	215
XVenFeb16.1298	286
XVenFeb16.1301	187
XVenFeb16.1305	196
XVenFeb16.1317	213
XVenFeb16.1324	105
XVenFeb16.1325	134
XVenFeb16.1328	205
XVenFeb16.1329	241
XVenFeb16.1333	176
XVenFeb16.1341	278
XVenFeb16.1348	160
XVenFeb16.1349	227
XVenFeb16.1357	101
XVenFeb16.1360	179
XVenFeb16.1361	210
XVenFeb16.1365	119
XVenFeb16.1369	173
XVenFeb16.1372	268
XVenFeb16.1373	217
XVenFeb16.1380	261
XVenFeb16.1381	230
XVenFeb16.1384	196
XVenFeb16.1385	139
XVenFeb16.1389	188
XVenFeb16.1396	232
XVenFeb16.1397	184
XVenFeb16.1401	158
XVenFeb16.1404	290
XVenFeb16.1684	209
XVenFeb16.1691	248
XVenFeb16.1697	153
XVenFeb16.31	5
XVenFeb16.332	10
XVenFeb16.341	28
XVenFeb16.380	91
XVenFeb16.44	79
XVenFeb16.49	65
XVenFeb16.54	55
XVenFeb16.59	35
XVenFeb16.632	40
XVenFeb16.656	194
XVenFeb16.661	163
XVenFeb16.673	208
XVenFeb16.709	39
XVenFeb16.72	16
XVenFeb16.729	115
XVenFeb16.732	213
XVenFeb16.733	208
XVenFeb16.754	47
XVenFeb16.766	107
XVenFeb16.774	182
XVenFeb16.789	92
XVenFeb16.790	87
XVenFeb16.805	203
XVenFeb16.810	149
XVenFeb16.814	218
XVenFeb16.817	131
XVenFeb16.818	90
XVenFeb16.822	116
XVenFeb16.826	157
XVenFeb16.831	41
XVenFeb16.843	177
XVenFeb16.860	201
XVenFeb16.876	170
XVenFeb16.880	185
XVenFeb16.884	230
XVenFeb16.885	16
XVenFeb16.897	221
X15.100	12
X15.1000	242
X15.101	70
X15.104	68
X15.106	97
X15.107	51
X15.1088	99
X15.1089	188
X15.1090	173
X15.1098	189
X15.1099	204
X15.110	222
X15.1100	281
X15.1101	110
X15.1105	190
X15.1109	52
X15.1113	52
X15.1117	53
X15.112	25
X15.1121	143
X15.1125	41
X15.1129	113
X15.113	55
X15.1133	130
X15.1137	78
X15.1141	184
X15.1145	16
X15.1149	106
X15.1153	28
X15.1157	110
X15.1161	67
X15.1165	134
X15.1169	25
X15.1173	18
X15.118	14
X15.1185	164
X15.119	64
X15.1193	58
X15.1197	25
X15.1219	72
X15.1223	46
X15.123	395
X15.125	51
X15.1267	103
X15.128	234
X15.1301	142
X15.1305	80
X15.1309	86
X15.131	59
X15.1313	267
X15.1317	103
X15.1321	67
X15.1325	39
X15.1329	265
X15.1333	126
X15.1337	358
X15.134	269
X15.1341	51
X15.1345	18
X15.1349	247
X15.1353	187
X15.1357	219
X15.136	177
X15.1369	52
X15.1373	198
X15.1377	100
X15.1381	100
X15.1389	57
X15.1393	152
X15.1397	12
X15.140	130
X15.142	150
X15.144	51
X15.146	125
X15.149	52
X15.155	55
X15.159	153
X15.160	63
X15.163	292
X15.166	41
X15.170	105
X15.173	435
X15.174	47
X15.177	215
X15.178	52
X15.181	157
X15.183	141
X15.184	79
X15.188	143
X15.190	51
X15.194	114
X15.195	19
X15.196	13
X15.202	284
X15.206	192
X15.208	198
X15.209	24
X15.212	296
X15.214	30
X15.215	130
X15.218	244
X15.220	22
X15.221	77
X15.224	340
X15.226	12
X15.227	83
X15.231	131
X15.232	160
X15.233	90
X15.236	143
X15.243	67
X15.244	52
X15.245	84
X15.248	269
X15.251	60
X15.256	209
X15.258	123
X15.261	154
X15.263	220
X15.264	47
X15.267	195
X15.269	181
X15.270	29
X15.275	221
X15.277	71
X15.281	358
X15.282	323
X15.283	48
X15.286	161
X15.289	52
X15.293	68
X15.295	129
X15.297	270
X15.301	203
X15.303	156
X15.304	232
X15.308	236
X15.311	92
X15.314	98
X15.317	155
X15.320	128
X15.322	99
X15.325	164
X15.327	228
X15.33	37
X15.330	52
X15.334	41
X15.338	182
X15.340	96
X15.341	110
X15.345	46
X15.346	69
X15.351	110
X15.352	16
X15.357	65
X15.358	47
X15.361	12
X15.362	144
X15.366	63
X15.369	58
X15.378	224
X15.379	45
X15.38	172
X15.387	389
X15.39	59
X15.391	12
X15.392	77
X15.395	89
X15.396	88
X15.399	11
X15.400	11
X15.404	65
X15.409	62
X15.412	221
X15.414	60
X15.415	33
X15.418	95
X15.42	156
X15.420	52
X15.421	117
X15.424	157
X15.426	154
X15.433	18
X15.434	156
X15.440	383
X15.446	223
X15.448	178
X15.45	83
X15.450	208
X15.452	129
X15.453	80
X15.457	102
X15.458	80
X15.462	87
X15.466	40
X15.467	11
X15.470	36
X15.472	378
X15.473	30
X15.477	13
X15.478	46
X15.483	12
X15.484	65
X15.49	128
X15.50	446
X15.505	64
X15.506	66
X15.51	89
X15.510	257
X15.511	55
X15.512	72
X15.517	34
X15.518	65
X15.524	87
X15.529	18
X15.530	60
X15.533	289
X15.535	17
X15.539	180
X15.548	246
X15.55	113
X15.553	392
X15.555	344
X15.557	152
X15.559	193
X15.56	137
X15.563	408
X15.565	318
X15.569	210
X15.57	54
X15.584	258
X15.585	274
X15.587	257
X15.595	143
X15.596	30
X15.601	180
X15.602	73
X15.607	53
X15.608	82
X15.61	236
X15.611	377
X15.614	128
X15.617	170
X15.619	45
X15.62	186
X15.620	103
X15.623	162
X15.625	18
X15.626	130
X15.629	198
X15.63	58
X15.632	67
X15.635	372
X15.637	69
X15.638	90
X15.641	335
X15.643	13
X15.644	48
X15.647	452
X15.649	12
X15.650	112
X15.653	340
X15.655	60
X15.656	83
X15.660	379
X15.662	16
X15.663	35
X15.666	70
X15.672	214
X15.674	25
X15.675	150
X15.678	186
X15.68	160
X15.680	58
X15.681	60
X15.686	15
X15.687	216
X15.69	234
X15.690	303
X15.70	100
X15.701	102
X15.705	143
X15.709	97
X15.713	27
X15.717	145
X15.721	60
X15.725	67
X15.73	104
X15.733	200
X15.737	17
X15.742	137
X15.746	48
X15.75	563
X15.750	24
X15.754	330
X15.758	108
X15.76	73
X15.766	22
X15.771	165
X15.776	58
X15.784	258
X15.788	52
X15.796	381
X15.80	194
X15.808	21
X15.816	143
X15.82	55
X15.820	179
X15.824	75
X15.829	182
X15.830	86
X15.834	143
X15.836	247
X15.840	10
X15.844	7
X15.87	30
X15.871	186
X15.872	294
X15.873	209
X15.874	212
X15.875	280
X15.876	185
X15.877	314
X15.88	79
X15.881	309
X15.882	332
X15.883	341
X15.884	295
X15.885	155
X15.886	315
X15.887	243
X15.888	107
X15.889	119
X15.890	302
X15.891	243
X15.892	229
X15.893	120
X15.894	292
X15.895	185
X15.896	258
X15.897	322
X15.898	293
X15.899	276
X15.900	457
X15.925	29
X15.93	101
X15.931	257
X15.932	233
X15.933	297
X15.935	125
X15.936	146
X15.937	161
X15.94	84
X15.941	342
X15.942	149
X15.943	193
X15.944	343
X15.945	225
X15.946	228
X15.947	71
X15.951	137
X15.952	148
X15.953	322
X15.954	250
X15.955	245
X15.956	117
X15.961	342
X15.962	207
X15.963	272
X15.964	192
X15.965	200
X15.966	148
X15.974	151
X15.976	102
X15.977	180
X15.979	169
X15.981	273
X15.982	167
X15.983	304
X15.984	247
X15.986	277
X15.987	222
X15.988	301
X15.99	284
X15.991	213
X15.992	233
X15.993	206
X15.994	124
X15.995	178
X15.996	198
X15.997	98
X15.998	210
XDNA.Neg37	103
X15.102	456
X15.103	507
X15.1059	259
X15.1060	322
X15.1066	250
X15.1067	379
X15.108	517
X15.109	471
X15.1102	106
X15.1103	649
X15.1104	378
X15.1106	137
X15.1107	336
X15.1108	332
X15.1110	128
X15.1111	381
X15.1112	434
X15.1114	74
X15.1115	275
X15.1116	346
X15.1118	99
X15.1119	325
X15.1120	416
X15.1122	99
X15.1123	423
X15.1124	366
X15.1126	87
X15.1127	416
X15.1128	346
X15.1130	63
X15.1131	323
X15.1132	326
X15.1134	131
X15.1135	381
X15.1136	272
X15.1138	81
X15.1139	198
X15.114	712
X15.1140	237
X15.1142	63
X15.1143	269
X15.1144	277
X15.1146	100
X15.1147	305
X15.1148	175
X15.115	631
X15.1150	61
X15.1151	213
X15.1152	324
X15.1154	73
X15.1155	248
X15.1156	384
X15.1158	151
X15.1159	281
X15.1160	169
X15.1162	132
X15.1163	408
X15.1164	340
X15.1166	130
X15.1167	572
X15.1168	235
X15.1170	41
X15.1171	340
X15.1172	301
X15.1174	43
X15.1175	354
X15.1176	328
X15.1178	70
X15.1179	307
X15.1180	350
X15.1182	73
X15.1183	249
X15.1184	298
X15.1186	98
X15.1187	114
X15.1188	248
X15.1190	86
X15.1191	323
X15.1192	346
X15.1194	70
X15.1195	319
X15.1196	440
X15.1198	100
X15.1199	203
X15.120	457
X15.1200	204
X15.121	545
X15.1220	53
X15.1221	288
X15.1222	205
X15.1224	115
X15.1225	283
X15.1226	373
X15.1233	243
X15.1234	311
X15.1237	208
X15.1238	476
X15.1243	220
X15.1244	218
X15.1249	317
X15.1250	401
X15.1259	208
X15.126	529
X15.1260	376
X15.1268	95
X15.1269	304
X15.127	513
X15.1270	301
X15.1271	428
X15.1272	399
X15.1275	265
X15.1276	633
X15.1302	80
X15.1303	246
X15.1304	264
X15.1306	54
X15.1307	209
X15.1308	207
X15.1310	77
X15.1311	250
X15.1312	266
X15.1314	113
X15.1315	290
X15.1316	260
X15.1318	109
X15.1319	334
X15.132	521
X15.1320	313
X15.1322	103
X15.1323	300
X15.1324	238
X15.1326	113
X15.1327	281
X15.1328	189
X15.133	784
X15.1330	90
X15.1331	289
X15.1332	293
X15.1334	134
X15.1336	298
X15.1338	56
X15.1339	509
X15.1340	281
X15.1342	104
X15.1343	363
X15.1344	295
X15.1346	65
X15.1347	314
X15.1348	305
X15.1350	51
X15.1351	268
X15.1352	222
X15.1354	56
X15.1355	248
X15.1356	320
X15.1358	96
X15.1359	381
X15.1360	329
X15.1366	70
X15.1367	344
X15.1368	326
X15.1370	54
X15.1371	183
X15.1372	278
X15.1374	43
X15.1375	330
X15.1376	243
X15.1378	104
X15.1379	355
X15.1380	310
X15.1382	66
X15.1383	348
X15.1384	323
X15.1386	64
X15.1387	258
X15.1390	108
X15.1391	316
X15.1392	244
X15.1394	38
X15.1395	266
X15.1396	264
X15.1398	97
X15.1399	367
X15.14	279
X15.1400	232
X15.152	209
X15.156	445
X15.157	424
X15.161	369
X15.162	514
X15.167	797
X15.168	613
X15.171	486
X15.172	400
X15.175	539
X15.176	641
X15.179	273
X15.180	467
X15.185	198
X15.186	279
X15.19	350
X15.191	427
X15.192	492
X15.197	201
X15.198	166
X15.204	410
X15.210	474
X15.211	365
X15.216	392
X15.217	591
X15.222	491
X15.223	480
X15.228	613
X15.229	403
X15.234	353
X15.235	398
X15.24	420
X15.240	317
X15.241	311
X15.246	561
X15.247	518
X15.25	426
X15.252	388
X15.253	282
X15.259	391
X15.260	279
X15.265	480
X15.266	547
X15.271	299
X15.272	321
X15.278	342
X15.279	492
X15.284	505
X15.285	636
X15.290	472
X15.291	694
X15.30	177
X15.31	309
X15.331	412
X15.332	460
X15.335	439
X15.336	404
X15.34	452
X15.342	489
X15.343	478
X15.347	488
X15.348	597
X15.35	654
X15.353	278
X15.354	104
X15.359	350
X15.360	368
X15.364	430
X15.367	196
X15.368	416
X15.371	293
X15.372	218
X15.380	290
X15.381	272
X15.384	267
X15.385	235
X15.389	376
X15.390	628
X15.393	347
X15.394	354
X15.397	404
X15.398	406
X15.40	522
X15.401	256
X15.402	209
X15.405	380
X15.406	410
X15.41	371
X15.410	359
X15.411	302
X15.416	335
X15.417	443
X15.422	315
X15.423	340
X15.428	360
X15.429	441
X15.435	389
X15.436	343
X15.443	368
X15.444	156
X15.454	343
X15.455	215
X15.459	366
X15.46	443
X15.460	317
X15.463	328
X15.464	359
X15.468	67
X15.469	314
X15.47	499
X15.474	328
X15.475	297
X15.479	268
X15.480	336
X15.485	308
X15.486	242
X15.497	142
X15.503	220
X15.504	250
X15.507	455
X15.508	424
X15.513	356
X15.514	240
X15.519	470
X15.52	505
X15.520	259
X15.525	341
X15.526	259
X15.53	531
X15.531	470
X15.532	369
X15.537	478
X15.538	383
X15.549	357
X15.575	206
X15.576	204
X15.579	156
X15.58	746
X15.580	194
X15.581	202
X15.582	314
X15.593	239
X15.594	321
X15.597	236
X15.598	245
X15.603	261
X15.604	207
X15.609	217
X15.610	279
X15.615	348
X15.616	338
X15.621	273
X15.622	247
X15.627	274
X15.628	225
X15.633	221
X15.634	196
X15.639	235
X15.64	383
X15.640	219
X15.645	235
X15.646	212
X15.65	253
X15.651	374
X15.652	173
X15.657	124
X15.658	186
X15.664	206
X15.665	202
X15.670	291
X15.671	244
X15.676	206
X15.677	376
X15.682	221
X15.683	368
X15.688	329
X15.689	192
X15.694	188
X15.695	264
X15.702	113
X15.703	330
X15.704	190
X15.706	89
X15.707	205
X15.708	233
X15.71	512
X15.710	122
X15.711	573
X15.712	422
X15.714	96
X15.715	204
X15.716	248
X15.718	118
X15.719	371
X15.72	537
X15.720	278
X15.722	99
X15.723	244
X15.724	286
X15.726	145
X15.727	471
X15.728	515
X15.730	64
X15.731	431
X15.734	78
X15.735	233
X15.736	205
X15.738	20
X15.739	302
X15.740	148
X15.743	111
X15.747	120
X15.748	508
X15.749	338
X15.751	66
X15.752	343
X15.753	235
X15.755	102
X15.756	337
X15.757	272
X15.759	155
X15.760	319
X15.761	319
X15.763	78
X15.764	366
X15.765	304
X15.767	76
X15.768	315
X15.769	231
X15.77	407
X15.774	317
X15.777	86
X15.778	306
X15.779	229
X15.78	476
X15.781	15
X15.782	376
X15.783	322
X15.785	92
X15.787	236
X15.789	155
X15.790	323
X15.791	295
X15.798	147
X15.799	247
X15.800	193
X15.809	71
X15.810	472
X15.811	529
X15.813	30
X15.814	270
X15.815	167
X15.817	50
X15.818	394
X15.821	42
X15.822	385
X15.823	475
X15.825	62
X15.826	660
X15.827	640
X15.83	554
X15.831	35
X15.833	298
X15.837	37
X15.838	197
X15.839	341
X15.84	639
X15.841	59
X15.842	360
X15.843	455
X15.845	22
X15.846	203
X15.847	335
X15.854	302
X15.855	341
X15.862	296
X15.863	411
X15.869	293
X15.870	177
X15.89	655
X15.90	560
X15.903	221
X15.904	236
X15.907	321
X15.908	490
X15.923	325
X15.924	329
X15.926	170
X15.927	389
X15.928	337
X15.938	52
X15.939	299
X15.948	77
X15.949	311
X15.95	688
X15.950	295
X15.96	643
X15-1047	189
X15-1048	164
X15-1049	140
X15-1051	177
X15-1052	116
X15-1701	83
X15-1702	121
X15-1704	110
X15-1707	23
X15-1708	20
X15-1709	59
X15-1712	167
X15-1713	155
X15-1714	91
X15-1717	152
X15-1719	93
X15-1720	99
X15-1722	26
X15-1723	163
X15-1724	130
X15-1725	11
X15-1732	18
X15-1787	116
X15-17X15	137
X15-802	335
X15-806	164
X15-807	93
X15-912	309
X15-913	405
X15-914	250
X15-916	147
X15-917	185
X15-918	165
X15-919	123
X15-9X15	189
X16-1102	383
X16-1103	25
X16-1104	105
X16-1105	118
X16-1106	354
X16-1108	201
X16-1109	135
X16-1112	182
X16-1113	8
X16-1114	8
X16-1115	174
X16-1116	118
X16-1117	26
X16-1118	76
X16-1121	156
X16-1122	78
X16-1123	173
X16-1124	76
X16-1125	119
X16-1126	126
X16-1127	123
X16-1128	135
X16-1129	165
X16-1130	69
X16-1131	52
X16-1132	137
X16-1133	186
X16-1136	147
X16-1140	252
X16-1142	182
X16-1146	337
X16-1150	122
X16-1201	148
X16-1202	142
X16-1203	84
X16-1204	215
X16-1205	97
X16-1206	88
X16-1207	208
X16-1208	220
X16-1211	163
X16-1212	127
X16-1213	219
X16-1214	174
X16-1215	86
X16-1216	248
X16-1217	273
X16-1218	107
X16-1219	143
X16-1220	148
X16-1222	262
X16-1223	302
X16-1224	111
X16-1225	286
X16-1226	282
X16-1227	148
X16-1231	173
X16-1232	253
X16-1233	131
X16-1234	159
X16-1236	185
X16-1238	179
X16-1240	238
X16-1241	266
X16-1242	111
X16-1244	404
X16-1245	168
X16-1246	118
X16-1247	136
X16-1248	182
X16-1249	157
X16-1250	120
X16-1251	126
X16-1252	132
X16-1254	309
X16-1255	147
X16-1257	304
X16-1259	80
X16-1261	74
X16-1262	85
X16-1263	144
