	faith_pd
X15.1	20.348917542
X15.1053	16.989381888999997
X15.1055	16.939727784
X15.1062	20.538159837
X15.1081	14.378669401
X15.1083	18.288365532
X15.1085	21.897258270000002
X15.1086	14.681542814
X15.1091	14.282947492999998
X15.1092	14.504569867999999
X15.1095	20.712875835
X15.1227	23.326715851999996
X15.1231	20.551400362
X15.1239	22.517296247
X15.1245	18.402730332999997
X15.1251	14.291706967000001
X15.1253	11.150639385999998
X15.1254	15.061324412
X15.1255	15.109944267
X15.1256	14.916553146
X15.1261	23.439640215
X15.1262	14.718385495999998
X15.1263	14.703240723
X15.1280	12.562585312
X15.1281	13.401727328999998
X15.15	11.301944598999999
X15.2	12.935157238999999
X15.376	12.162656382000002
X15.487	13.09425058
X15.489	10.215827422
X15.492	10.834549456
X15.515	22.017012871
X15.527	21.061928615
X15.551	22.243320212
X15.696	21.526242469999996
X15.698	19.501586023
X15.7	11.897802231
X15.794	23.982901007000002
X15.848	12.919978541999997
X15.85	22.485665269000002
X15.850	14.950654046
X15.865	17.628981248
X15.909	19.27941477
X15.910	20.817309103999996
X15.920	20.081824978999997
X15.959	19.861217813999996
X15.960	24.894657738999996
XDNA.Neg27	22.800444391
XDNA.Neg4	44.796147819
XPCR.Neg3	51.587370848
XVenFeb16.1007	22.70047774
XVenFeb16.1008	24.522330810999996
XVenFeb16.101	39.292713334
XVenFeb16.1012	40.07708541699999
XVenFeb16.1017	13.119500735999999
XVenFeb16.1021	34.00110559
XVenFeb16.1025	14.650488427
XVenFeb16.1029	22.478113063000002
XVenFeb16.1034	6.3313669500000005
XVenFeb16.1038	33.484885164
XVenFeb16.1043	40.510937447
XVenFeb16.1047	19.286740934
XVenFeb16.105	28.981585032999998
XVenFeb16.1051	25.174035695000004
XVenFeb16.1055	47.385551670999995
XVenFeb16.1059	43.214671409000005
XVenFeb16.1064	7.872872229
XVenFeb16.1068	47.76178780600001
XVenFeb16.107	26.498515684
XVenFeb16.1086	17.350490305
XVenFeb16.1088	31.942383804
XVenFeb16.109	19.186173571999998
XVenFeb16.1090	22.314723743
XVenFeb16.1092	25.529460902999993
XVenFeb16.1094	16.134121481999998
XVenFeb16.1096	25.670097658
XVenFeb16.1098	20.872844213999997
XVenFeb16.111	16.489236173000002
XVenFeb16.113	17.80543165
XVenFeb16.115	11.885425026
XVenFeb16.1165	32.543347454
XVenFeb16.1175	23.854628016
XVenFeb16.1195	24.421305092999997
XVenFeb16.12	19.076128273
XVenFeb16.121	23.599611394999997
XVenFeb16.123	15.714605347000001
XVenFeb16.125	26.922108062
XVenFeb16.127	18.677253798000002
XVenFeb16.1270	22.365374652
XVenFeb16.1276	22.549138471
XVenFeb16.1282	18.696641982999996
XVenFeb16.1288	19.85178404
XVenFeb16.129	18.265613888
XVenFeb16.1290	21.795809567000003
XVenFeb16.1292	13.846947723000001
XVenFeb16.1296	7.273490045999998
XVenFeb16.1302	21.553707843
XVenFeb16.1306	18.919194152000003
XVenFeb16.131	12.897781621999998
XVenFeb16.1310	13.751203268
XVenFeb16.1318	10.069065034
XVenFeb16.1322	10.01101758
XVenFeb16.1326	9.744776274
XVenFeb16.133	16.591012929999998
XVenFeb16.1330	7.939304698999999
XVenFeb16.1334	20.216306131000003
XVenFeb16.1338	15.565482262
XVenFeb16.1342	30.599902751000002
XVenFeb16.1346	22.955558173000004
XVenFeb16.135	17.610890783
XVenFeb16.1350	6.593595199999999
XVenFeb16.1354	15.070395113000002
XVenFeb16.1358	4.372616076
XVenFeb16.1362	5.958854141000001
XVenFeb16.1366	17.158214276000002
XVenFeb16.137	12.812733619
XVenFeb16.141	9.753314461999999
XVenFeb16.143	18.631749554
XVenFeb16.145	25.461494640999998
XVenFeb16.147	18.759665339
XVenFeb16.149	25.269232146999997
XVenFeb16.157	12.999940013
XVenFeb16.1601	22.662276744999996
XVenFeb16.1602	23.186738505
XVenFeb16.1603	30.609608675
XVenFeb16.1604	24.434091276999997
XVenFeb16.1605	31.660160284000003
XVenFeb16.1606	36.106068519
XVenFeb16.1607	22.147602251000002
XVenFeb16.1609	28.917490936
XVenFeb16.161	2.808435599
XVenFeb16.1611	14.602935984
XVenFeb16.1612	16.96647121
XVenFeb16.1613	22.540988379
XVenFeb16.1614	31.539753169999997
XVenFeb16.1616	24.33268677
XVenFeb16.1618	25.220135917
XVenFeb16.1620	26.635717918999998
XVenFeb16.1622	40.70368271799999
XVenFeb16.1624	26.179983659999998
XVenFeb16.1626	30.025626910999996
XVenFeb16.1627	14.45491005
XVenFeb16.1628	23.183413949
XVenFeb16.1629	27.226465174
XVenFeb16.1631	20.611067078999998
XVenFeb16.1632	24.037027979
XVenFeb16.1634	10.424254614999999
XVenFeb16.1635	25.402310429999996
XVenFeb16.1637	24.191539211
XVenFeb16.1639	24.912353958999997
XVenFeb16.1641	23.904645263
XVenFeb16.1643	18.791433383999998
XVenFeb16.1644	18.887420858
XVenFeb16.1646	15.507772574999997
XVenFeb16.1647	20.647526116999998
XVenFeb16.1649	22.377787938999997
XVenFeb16.1651	21.402160123999998
XVenFeb16.1653	39.60762403299999
XVenFeb16.1654	18.292363264
XVenFeb16.1656	21.587218655999997
XVenFeb16.1658	17.569422183999997
XVenFeb16.1660	9.906871478
XVenFeb16.1662	31.96250563
XVenFeb16.1664	22.774357666
XVenFeb16.1665	25.590362404
XVenFeb16.1666	19.455013458999996
XVenFeb16.1668	29.957635824999997
XVenFeb16.1669	21.124559139
XVenFeb16.1671	24.650354616
XVenFeb16.1673	17.563539676
XVenFeb16.1675	11.562691116999996
XVenFeb16.1677	17.96437955
XVenFeb16.1678	24.047090072000003
XVenFeb16.1680	24.868772610999997
XVenFeb16.1688	18.337613029999996
XVenFeb16.169	17.132324196000003
XVenFeb16.1694	18.317826916999998
XVenFeb16.1700	20.255754694
XVenFeb16.1701	19.182551508
XVenFeb16.1702	26.696884389
XVenFeb16.1703	21.11245687
XVenFeb16.1704	19.660124834999994
XVenFeb16.1705	17.577989609
XVenFeb16.1707	27.442107193000002
XVenFeb16.1708	27.844826101000006
XVenFeb16.1710	26.969505062
XVenFeb16.1712	24.302246275999995
XVenFeb16.1713	25.23608661
XVenFeb16.1715	26.110975257
XVenFeb16.1717	18.319112808
XVenFeb16.1719	18.049504648
XVenFeb16.1721	32.063661535
XVenFeb16.1723	17.926362806999997
XVenFeb16.1724	24.065966361999998
XVenFeb16.1726	15.598271188000002
XVenFeb16.1728	30.743428614
XVenFeb16.173	11.219729830999999
XVenFeb16.1730	26.598230016
XVenFeb16.1732	21.146582112
XVenFeb16.1734	23.319658763
XVenFeb16.1736	28.954912473999997
XVenFeb16.1737	30.701466937999996
XVenFeb16.1739	7.309426521000001
XVenFeb16.1740	30.242535806
XVenFeb16.1742	29.706674183
XVenFeb16.1744	27.780101420999998
XVenFeb16.1746	20.883292136
XVenFeb16.1748	17.000695010999998
XVenFeb16.1750	31.484973085
XVenFeb16.1752	30.370251120999995
XVenFeb16.1754	22.083532586
XVenFeb16.1756	20.612250768999996
XVenFeb16.1757	16.937319467
XVenFeb16.1759	28.805046113
XVenFeb16.1761	19.341324225999998
XVenFeb16.1763	19.919390647
XVenFeb16.1765	27.867363718
XVenFeb16.1767	28.053687288
XVenFeb16.1769	26.885025804999998
XVenFeb16.177	5.357487577000001
XVenFeb16.1771	22.777936392
XVenFeb16.1773	23.736323729
XVenFeb16.1777	24.223332498
XVenFeb16.1779	16.596591062999998
XVenFeb16.1781	17.622732874
XVenFeb16.1783	22.302865913
XVenFeb16.1785	28.722794519
XVenFeb16.1787	14.637954393000001
XVenFeb16.1789	26.865444214
XVenFeb16.1791	23.454854554
XVenFeb16.1793	31.556772454999997
XVenFeb16.1795	30.285223250999998
XVenFeb16.1797	32.721186013
XVenFeb16.1799	21.945022612000002
XVenFeb16.18	22.660085942
XVenFeb16.189	7.980335252999999
XVenFeb16.193	8.519085296
XVenFeb16.201	8.140784347
XVenFeb16.205	19.335223521
XVenFeb16.209	5.148089696
XVenFeb16.221	14.196485538000001
XVenFeb16.225	2.364474406
XVenFeb16.237	17.088778391000005
XVenFeb16.241	17.462567191
XVenFeb16.245	24.727848498
XVenFeb16.25	21.604849707
XVenFeb16.253	21.600956541
XVenFeb16.255	20.257780984
XVenFeb16.257	21.597583246
XVenFeb16.259	30.653351750999995
XVenFeb16.266	16.715008451
XVenFeb16.267	29.625436611
XVenFeb16.269	13.865760660000001
XVenFeb16.271	21.096275051
XVenFeb16.273	26.432753004
XVenFeb16.275	28.638742798
XVenFeb16.277	20.555610638
XVenFeb16.281	24.339616773
XVenFeb16.283	17.697217459999997
XVenFeb16.285	23.490440941
XVenFeb16.287	5.917591602
XVenFeb16.289	16.721987131000002
XVenFeb16.293	14.420963896
XVenFeb16.295	16.207078643
XVenFeb16.297	25.166318598
XVenFeb16.299	15.35270688
XVenFeb16.301	24.135597625999996
XVenFeb16.303	17.987384255
XVenFeb16.305	22.551267548
XVenFeb16.307	16.753971186
XVenFeb16.309	12.41223057
XVenFeb16.311	18.710484733999998
XVenFeb16.313	8.727259069999999
XVenFeb16.315	16.638025231
XVenFeb16.32	22.827952596999996
XVenFeb16.322	17.603793038999996
XVenFeb16.323	22.074838772999996
XVenFeb16.328	37.551959857
XVenFeb16.333	23.687156755000004
XVenFeb16.337	16.779952156
XVenFeb16.342	20.231681299
XVenFeb16.346	13.532714927999999
XVenFeb16.350	7.085214077
XVenFeb16.354	21.933162066999998
XVenFeb16.358	6.357365277
XVenFeb16.362	7.704322583
XVenFeb16.366	17.093796999000002
XVenFeb16.374	20.436917981999997
XVenFeb16.38	24.629000732999998
XVenFeb16.382	24.240330661999995
XVenFeb16.384	20.338452848000003
XVenFeb16.392	18.810398942
XVenFeb16.40	17.763824726000003
XVenFeb16.400	22.64877118
XVenFeb16.417	9.255501989999999
XVenFeb16.421	27.086099393000005
XVenFeb16.425	16.993885176
XVenFeb16.429	16.526998066
XVenFeb16.433	6.113680426000001
XVenFeb16.437	5.325621215
XVenFeb16.441	4.072370185
XVenFeb16.457	4.025858781999999
XVenFeb16.477	26.640701552000003
XVenFeb16.485	22.635394369000004
XVenFeb16.489	16.720341162
XVenFeb16.493	17.778667751000004
XVenFeb16.497	3.534745511
XVenFeb16.505	30.848303102000003
XVenFeb16.509	29.633692951
XVenFeb16.511	19.382110017
XVenFeb16.513	19.811288598999997
XVenFeb16.515	27.187947427
XVenFeb16.519	32.958823487000004
XVenFeb16.525	25.610210916
XVenFeb16.527	24.681360707
XVenFeb16.529	23.300579935
XVenFeb16.533	23.642840758000002
XVenFeb16.535	25.220888832
XVenFeb16.537	18.800869659
XVenFeb16.539	26.532603308999995
XVenFeb16.541	26.833166137999996
XVenFeb16.544	27.745713287
XVenFeb16.546	14.562940462
XVenFeb16.55	41.46106485699999
XVenFeb16.552	41.527020791
XVenFeb16.556	11.354466383
XVenFeb16.564	12.512364278000002
XVenFeb16.568	4.116741276
XVenFeb16.572	24.400627534
XVenFeb16.584	14.389293718000005
XVenFeb16.588	10.400360322000001
XVenFeb16.592	10.497068877
XVenFeb16.596	36.186144805
XVenFeb16.6	18.490203688
XVenFeb16.60	7.718493679000001
XVenFeb16.604	8.417532993
XVenFeb16.616	28.769274426
XVenFeb16.617	24.157516429999998
XVenFeb16.621	32.617300812
XVenFeb16.622	32.023577042999996
XVenFeb16.623	23.452163520000003
XVenFeb16.624	21.077183914000003
XVenFeb16.626	23.913754966
XVenFeb16.627	25.551312526
XVenFeb16.628	27.098167178
XVenFeb16.637	4.994590339000001
XVenFeb16.64	16.901282141
XVenFeb16.646	26.273397055000004
XVenFeb16.663	25.903068588000004
XVenFeb16.675	25.417977023000002
XVenFeb16.679	26.480384292000004
XVenFeb16.701	23.141409434999993
XVenFeb16.705	29.252805507999998
XVenFeb16.710	35.53734418599999
XVenFeb16.714	2.9599392389999997
XVenFeb16.718	16.184558404
XVenFeb16.730	19.250250096000006
XVenFeb16.734	9.656175314000002
XVenFeb16.738	7.072133051999999
XVenFeb16.746	31.597542198999996
XVenFeb16.750	20.748262545000003
XVenFeb16.755	28.026564888999996
XVenFeb16.759	28.242089013999994
XVenFeb16.763	18.845679541000003
XVenFeb16.767	25.88134988
XVenFeb16.77	12.221650826000001
XVenFeb16.771	28.664368185999997
XVenFeb16.775	37.354811741000006
XVenFeb16.779	27.604208523999997
XVenFeb16.783	4.02173996
XVenFeb16.787	20.816960088000002
XVenFeb16.791	9.384465337999998
XVenFeb16.795	29.259870426
XVenFeb16.799	21.821434953
XVenFeb16.803	47.10229456199999
XVenFeb16.81	25.82700759
XVenFeb16.811	17.720472970000003
XVenFeb16.815	17.437456079999997
XVenFeb16.819	6.5902556809999995
XVenFeb16.823	7.399247191000001
XVenFeb16.827	46.923979109
XVenFeb16.832	22.362679965999998
XVenFeb16.836	16.945804823
XVenFeb16.840	13.219181026
XVenFeb16.844	9.893963810999999
XVenFeb16.848	29.588307263000004
XVenFeb16.852	24.637051544000002
XVenFeb16.857	8.398849447
XVenFeb16.861	10.217388326
XVenFeb16.865	12.012619382
XVenFeb16.873	7.770001242999999
XVenFeb16.877	25.841581633000004
XVenFeb16.881	18.011282898
XVenFeb16.886	2.877010178
XVenFeb16.89	20.132040134000004
XVenFeb16.890	24.343470626
XVenFeb16.898	19.36312278
XVenFeb16.97	31.166752674000005
X15.1057	9.718228870000003
X15.1058	11.084808576
X15.1064	35.815799103
X15.1065	15.908386035000003
X15.1229	5.78606394
X15.1230	8.677423591
X15.1235	15.916920152000001
X15.1236	11.627347161999998
X15.1247	24.995660867
X15.1248	14.943423989000001
X15.1257	7.881377206
X15.1258	15.040984339000001
X15.1265	22.036912451999996
X15.1266	10.538589949000002
X15.1273	22.880075343999998
X15.1274	9.900754210999999
X15.150	13.812763274999998
X15.151	8.952594732000001
X15.17	28.796853937999998
X15.18	12.773489179
X15.22	25.451187117999996
X15.23	9.215322465
X15.28	39.291435005
X15.29	11.824984266999998
X15.441	15.737490738
X15.442	12.561945525999999
X15.494	15.386133679999997
X15.495	7.865783962
X15.501	10.673944309
X15.502	11.604387169000002
X15.573	7.383069219
X15.574	7.660462834
X15.577	16.63847631
X15.578	7.185629808000001
X15.591	23.578177711000002
X15.592	14.708997545999999
X15.692	23.912947111999998
X15.693	10.042039882
X15.852	20.198111747
X15.853	9.672527442000003
X15.856	24.109824349
X15.857	7.874011426000001
X15.860	22.027735311
X15.861	11.816226299
X15.901	30.293924714
X15.902	15.040268446
X15.905	11.319067683000002
X15.906	11.073663033999997
X15.921	7.459795033999999
X15.922	9.673132972000001
XVenFeb16.100	73.02848804199999
XVenFeb16.1001	6.336149207
XVenFeb16.1013	13.075450497000002
XVenFeb16.102	13.500395393000002
XVenFeb16.1022	9.045288901
XVenFeb16.1026	5.4820968389999996
XVenFeb16.103	38.683279608999996
XVenFeb16.1030	16.676723421
XVenFeb16.1035	11.428084889999997
XVenFeb16.1039	8.071628502
XVenFeb16.104	43.869588895
XVenFeb16.1044	16.200517872000002
XVenFeb16.1048	14.259523654999999
XVenFeb16.1056	8.838217352000001
XVenFeb16.1060	14.672460001000001
XVenFeb16.1065	6.361395762999999
XVenFeb16.1069	7.6015147590000005
XVenFeb16.1075	22.834953987000002
XVenFeb16.1076	7.947207209
XVenFeb16.1082	15.566869394999998
XVenFeb16.1083	7.363759292
XVenFeb16.1166	14.870138617
XVenFeb16.1194	11.213755418999998
XVenFeb16.1264	6.104622804000001
XVenFeb16.1265	13.012410157000001
XVenFeb16.1271	9.507093288000002
XVenFeb16.1272	8.421329252
XVenFeb16.1279	20.401093889
XVenFeb16.1284	9.823478884000002
XVenFeb16.1285	10.872647897999999
XVenFeb16.1297	4.978063122
XVenFeb16.1311	14.947842570999999
XVenFeb16.1315	10.557029964000002
XVenFeb16.1319	12.268695072
XVenFeb16.1327	11.3848108
XVenFeb16.1331	15.715377094
XVenFeb16.1335	11.242200073
XVenFeb16.1343	11.032078091999999
XVenFeb16.1347	6.9284984839999995
XVenFeb16.1351	5.9521294750000004
XVenFeb16.1355	14.329000165
XVenFeb16.1359	9.321120866000001
XVenFeb16.1363	10.895631326
XVenFeb16.1367	10.3399288
XVenFeb16.1374	10.405312224000001
XVenFeb16.1375	16.480836388
XVenFeb16.1378	5.881628152
XVenFeb16.1379	12.954956978000002
XVenFeb16.1382	15.666328288999999
XVenFeb16.1383	13.938376278
XVenFeb16.1386	28.564360501000003
XVenFeb16.1387	6.959962571999999
XVenFeb16.1394	32.774843817000004
XVenFeb16.1395	13.409946155
XVenFeb16.1398	15.983954024
XVenFeb16.1399	18.296052009
XVenFeb16.14	20.800269828999998
XVenFeb16.1402	11.341959076000002
XVenFeb16.1403	21.981538854000004
XVenFeb16.15	6.613623487000001
XVenFeb16.154	11.282311079
XVenFeb16.155	67.74799726
XVenFeb16.156	69.533336401
XVenFeb16.160	66.094520741
XVenFeb16.162	8.354602524
XVenFeb16.163	83.22805068999999
XVenFeb16.164	71.129602531
XVenFeb16.166	13.401743408000002
XVenFeb16.167	70.886733425
XVenFeb16.168	60.56068429500001
XVenFeb16.1682	23.810910158000002
XVenFeb16.1683	12.793562622
XVenFeb16.1689	8.233548214
XVenFeb16.1695	17.796509931
XVenFeb16.1696	11.806700389
XVenFeb16.170	7.241277971
XVenFeb16.171	58.42546973899999
XVenFeb16.172	58.716064458999995
XVenFeb16.174	12.049789767
XVenFeb16.176	47.872117961
XVenFeb16.178	5.125417929000001
XVenFeb16.179	49.58719741699999
XVenFeb16.180	57.43152366900001
XVenFeb16.182	13.924335371000002
XVenFeb16.183	40.33254516
XVenFeb16.184	57.83843933400001
XVenFeb16.186	16.040954172000003
XVenFeb16.187	44.29104032400001
XVenFeb16.194	12.591847593
XVenFeb16.195	54.61935700500001
XVenFeb16.196	46.47039666699999
XVenFeb16.198	14.911308191
XVenFeb16.199	22.125100093000004
XVenFeb16.1999	5.252601246
XVenFeb16.2	8.836886484
XVenFeb16.20	15.034437022999999
XVenFeb16.200	42.578264268999995
XVenFeb16.202	4.282178948
XVenFeb16.204	12.822578835
XVenFeb16.206	5.056634116999999
XVenFeb16.208	59.11717840199999
XVenFeb16.210	3.8704590030000006
XVenFeb16.211	63.624686533
XVenFeb16.212	49.30431636
XVenFeb16.214	12.189772873999999
XVenFeb16.215	57.609102733
XVenFeb16.216	84.00677280100001
XVenFeb16.218	10.35706103
XVenFeb16.219	84.01490766400002
XVenFeb16.220	47.643746807999996
XVenFeb16.226	9.322038246
XVenFeb16.227	64.55580493099998
XVenFeb16.228	48.820812924
XVenFeb16.230	10.266518442
XVenFeb16.231	66.517580194
XVenFeb16.232	65.373613186
XVenFeb16.234	6.019819111000001
XVenFeb16.235	38.047135194
XVenFeb16.236	61.14814921800001
XVenFeb16.238	6.126494984000002
XVenFeb16.240	31.848670156999997
XVenFeb16.242	7.259967928999999
XVenFeb16.243	70.880065132
XVenFeb16.244	63.99649991599999
XVenFeb16.246	7.825952014000001
XVenFeb16.247	71.75436365600001
XVenFeb16.248	67.329792727
XVenFeb16.250	6.2897383950000005
XVenFeb16.251	52.679655467
XVenFeb16.252	61.670755672999995
XVenFeb16.261	26.567949071999998
XVenFeb16.262	8.77272675
XVenFeb16.27	21.889942698
XVenFeb16.28	9.837663265000002
XVenFeb16.317	11.839195316000001
XVenFeb16.318	6.053760982
XVenFeb16.326	32.108046979
XVenFeb16.329	10.222942769
XVenFeb16.330	37.599119945000005
XVenFeb16.331	55.166122114
XVenFeb16.334	15.784949019
XVenFeb16.335	47.756059766
XVenFeb16.336	34.208863525
XVenFeb16.338	10.021314570999998
XVenFeb16.339	35.293522638
XVenFeb16.34	13.292592189999999
XVenFeb16.340	42.070546502
XVenFeb16.345	36.43530765700001
XVenFeb16.347	15.981314181999998
XVenFeb16.348	59.774609127999994
XVenFeb16.349	53.38365659100002
XVenFeb16.35	5.602540072
XVenFeb16.351	9.798531962999999
XVenFeb16.353	74.151860066
XVenFeb16.355	7.894122374999999
XVenFeb16.356	47.305075824
XVenFeb16.357	53.52349440199999
XVenFeb16.360	64.68702397599998
XVenFeb16.361	88.003097596
XVenFeb16.363	6.905851608000001
XVenFeb16.364	47.633586599000004
XVenFeb16.365	41.899697027
XVenFeb16.367	14.176461422000001
XVenFeb16.369	41.189053189
XVenFeb16.371	16.095557345000003
XVenFeb16.372	73.43097792100001
XVenFeb16.373	37.629381362
XVenFeb16.375	9.123166735000002
XVenFeb16.376	48.406417422000004
XVenFeb16.377	47.023182385000005
XVenFeb16.379	15.866529767
XVenFeb16.385	6.732754100999999
XVenFeb16.386	48.361318664
XVenFeb16.387	63.693953124
XVenFeb16.389	15.179860474000002
XVenFeb16.394	23.893874149000002
XVenFeb16.395	7.937306756
XVenFeb16.412	50.63727375
XVenFeb16.414	18.216155848
XVenFeb16.416	53.589542816999995
XVenFeb16.419	51.671085769
XVenFeb16.420	49.29070041
XVenFeb16.422	15.932318314
XVenFeb16.423	62.865010128
XVenFeb16.424	48.886487601999995
XVenFeb16.427	49.404184686
XVenFeb16.43	13.944954843000001
XVenFeb16.430	12.18667478
XVenFeb16.431	41.60932817000001
XVenFeb16.432	41.775271159
XVenFeb16.434	10.774269185
XVenFeb16.435	51.446881746
XVenFeb16.436	43.719361463
XVenFeb16.438	12.856709047000002
XVenFeb16.439	56.871008718999995
XVenFeb16.440	21.123776529
XVenFeb16.442	12.693365553000001
XVenFeb16.443	33.220324006000006
XVenFeb16.446	15.504163677000001
XVenFeb16.447	47.056292401
XVenFeb16.458	11.823060463000001
XVenFeb16.459	53.29224358100001
XVenFeb16.46	12.106646091999998
XVenFeb16.47	43.249996218999996
XVenFeb16.478	18.975328412
XVenFeb16.479	41.576540821
XVenFeb16.48	29.967484413999998
XVenFeb16.480	36.03213247600001
XVenFeb16.487	30.178623483000003
XVenFeb16.488	38.343140432000006
XVenFeb16.490	14.583131425000001
XVenFeb16.492	64.387051696
XVenFeb16.494	12.055345391
XVenFeb16.496	46.073327388
XVenFeb16.498	6.969101686000001
XVenFeb16.499	54.03931604300001
XVenFeb16.500	41.33505082500001
XVenFeb16.502	14.166237024
XVenFeb16.503	59.212357760999986
XVenFeb16.504	69.23531425200001
XVenFeb16.51	18.093632307000004
XVenFeb16.52	60.071547743999986
XVenFeb16.53	55.69300051300001
XVenFeb16.549	18.366726839000002
XVenFeb16.550	86.744993793
XVenFeb16.551	44.236694778
XVenFeb16.553	9.099987595000002
XVenFeb16.555	40.614815637
XVenFeb16.557	20.395129624999996
XVenFeb16.558	67.551243985
XVenFeb16.559	63.26316599399999
XVenFeb16.56	6.4092874459999996
XVenFeb16.562	50.44923449899999
XVenFeb16.563	59.300619712
XVenFeb16.565	7.633864125
XVenFeb16.566	68.084757928
XVenFeb16.567	52.376089415999985
XVenFeb16.569	7.348654014
XVenFeb16.57	31.189767578
XVenFeb16.571	32.998417878000005
XVenFeb16.573	12.643143951999999
XVenFeb16.574	32.674939789
XVenFeb16.575	25.870724749000008
XVenFeb16.578	57.794580492
XVenFeb16.579	56.28270904499999
XVenFeb16.58	47.78391756700001
XVenFeb16.582	62.968986131
XVenFeb16.583	54.585430929
XVenFeb16.585	15.99652588
XVenFeb16.587	52.787767871000014
XVenFeb16.589	13.332920709000003
XVenFeb16.590	46.096800615999996
XVenFeb16.591	51.54991078199999
XVenFeb16.594	41.545906955999996
XVenFeb16.595	64.381591946
XVenFeb16.597	14.771282811000003
XVenFeb16.599	34.72808301399999
XVenFeb16.601	19.593244592
XVenFeb16.603	44.464503156999996
XVenFeb16.605	15.979353113999998
XVenFeb16.606	48.49915230799999
XVenFeb16.607	42.524610720000005
XVenFeb16.609	15.294215393
XVenFeb16.61	9.914218179999999
XVenFeb16.610	25.312785628999997
XVenFeb16.611	39.215554444
XVenFeb16.613	8.506821704
XVenFeb16.614	55.911294141000006
XVenFeb16.615	44.793250475
XVenFeb16.629	14.250044674999998
XVenFeb16.63	50.654626871
XVenFeb16.634	8.79077041
XVenFeb16.635	36.291777821
XVenFeb16.636	33.882928199000006
XVenFeb16.639	30.175805298000004
XVenFeb16.640	29.384189644000003
XVenFeb16.642	22.965608044000003
XVenFeb16.643	53.908909335000004
XVenFeb16.644	53.10770108199999
XVenFeb16.647	21.154646363
XVenFeb16.649	43.14571478099999
XVenFeb16.65	8.040447495000002
XVenFeb16.651	11.968495361999999
XVenFeb16.652	41.80816503199999
XVenFeb16.653	50.900682081
XVenFeb16.66	47.384327195
XVenFeb16.664	14.428402615
XVenFeb16.668	12.531997813
XVenFeb16.67	38.17983273200001
XVenFeb16.672	8.404656987
XVenFeb16.676	8.700580566
XVenFeb16.680	17.777384764
XVenFeb16.69	15.279609413
XVenFeb16.70	41.467805094999996
XVenFeb16.702	24.075823823
XVenFeb16.706	20.951403228000004
XVenFeb16.71	60.757938161999995
XVenFeb16.715	8.094991001
XVenFeb16.719	18.268637337999998
XVenFeb16.723	11.874405027000002
XVenFeb16.727	13.419575700999998
XVenFeb16.731	6.5885098090000005
XVenFeb16.735	10.420017591
XVenFeb16.739	10.523658308000002
XVenFeb16.74	10.700734622999999
XVenFeb16.75	57.071339827
XVenFeb16.751	16.842145446
XVenFeb16.756	11.379293485999998
XVenFeb16.76	84.82269873799999
XVenFeb16.760	7.233055789
XVenFeb16.764	13.345124998
XVenFeb16.768	20.555397847
XVenFeb16.772	13.278934702
XVenFeb16.776	29.300613744
XVenFeb16.784	5.1045057210000016
XVenFeb16.788	14.782369782
XVenFeb16.792	3.3794765930000006
XVenFeb16.796	27.290015499000003
XVenFeb16.8	7.971414874999999
XVenFeb16.80	63.030464869
XVenFeb16.800	10.080671434
XVenFeb16.804	9.600556875999999
XVenFeb16.808	8.441660266
XVenFeb16.816	14.044063071
XVenFeb16.82	10.377633095
XVenFeb16.820	4.816125295000001
XVenFeb16.824	8.09482339
XVenFeb16.828	11.034994971
XVenFeb16.83	37.05991736
XVenFeb16.833	4.998148850000001
XVenFeb16.837	9.45822325
XVenFeb16.84	70.92581857299999
XVenFeb16.841	20.346720462
XVenFeb16.849	9.399703652
XVenFeb16.853	21.710520537999997
XVenFeb16.858	19.108130658
XVenFeb16.86	11.727391680000004
XVenFeb16.862	12.250705504000003
XVenFeb16.866	9.804017223999999
XVenFeb16.87	57.137690699000004
XVenFeb16.870	16.670740209999998
XVenFeb16.874	5.272430008
XVenFeb16.88	81.55609845200001
XVenFeb16.882	7.554361473999999
XVenFeb16.887	10.590488073
XVenFeb16.891	17.492736682999997
XVenFeb16.895	14.56574715
XVenFeb16.899	12.852389835
XVenFeb16.9	10.858394565
XVenFeb16.90	9.895097538999998
XVenFeb16.91	33.821476964
XVenFeb16.92	72.54333349
XVenFeb16.94	9.141356453999999
XVenFeb16.96	69.51030156600001
XVenFeb16.98	9.889813922000002
XVenFeb16.99	76.81846087
X15.158	6.508466062
X15.205	5.024225119
X15.21	1.5708386460000003
X15.254	7.348208968000001
X15.337	10.173475311
X15.344	13.72721133
X15.373	3.361265849
X15.407	5.952275086
X15.430	10.366135722
X15.456	7.6517614520000015
X15.465	9.835588505
X15.476	3.7906647180000004
X15.491	2.263812244
X15.66	3.6508448369999997
X15.741	8.640282333000002
X15.770	13.944506164
X15.775	9.845668671
X15.864	1.184431881
X15.97	9.663423253000001
XVenFeb16.1010	47.194861231000004
XVenFeb16.1015	41.108996548
XVenFeb16.1016	5.072232992000001
XVenFeb16.1020	58.19323241200001
XVenFeb16.1027	44.127041263
XVenFeb16.1033	9.924884772
XVenFeb16.1041	23.459173315
XVenFeb16.1042	6.9241747490000005
XVenFeb16.1046	22.732131750999997
XVenFeb16.1050	40.828079743
XVenFeb16.1053	40.040156868000004
XVenFeb16.1057	35.703110556999995
XVenFeb16.1058	35.705252019999996
XVenFeb16.1061	34.79540451600001
XVenFeb16.1062	28.044400077999995
XVenFeb16.1063	11.145385386000001
XVenFeb16.1066	39.138611509
XVenFeb16.1067	27.096608671000002
XVenFeb16.1085	25.448163680000004
XVenFeb16.1191	10.475164625999998
XVenFeb16.1266	44.223801772
XVenFeb16.1275	6.810831407999999
XVenFeb16.1280	37.729840748
XVenFeb16.1298	42.51567038900001
XVenFeb16.1301	23.474600542
XVenFeb16.1305	25.980247921999997
XVenFeb16.1317	33.20088183200001
XVenFeb16.1324	15.579309139999998
XVenFeb16.1325	20.07602485
XVenFeb16.1328	35.524711695
XVenFeb16.1329	35.533950839
XVenFeb16.1333	28.084166214
XVenFeb16.1341	35.96495841799999
XVenFeb16.1348	25.506752189
XVenFeb16.1349	29.950428357000003
XVenFeb16.1357	17.273452609000003
XVenFeb16.1360	28.860621884999993
XVenFeb16.1361	29.640549042999996
XVenFeb16.1365	19.428976943000002
XVenFeb16.1369	24.722472779999997
XVenFeb16.1372	35.91067889599999
XVenFeb16.1373	29.146171846999998
XVenFeb16.1380	38.025637234
XVenFeb16.1381	37.28563089399999
XVenFeb16.1384	34.520424385
XVenFeb16.1385	21.596780347999996
XVenFeb16.1389	29.343393325
XVenFeb16.1396	30.952331790999995
XVenFeb16.1397	25.326615016999998
XVenFeb16.1401	25.350839561999997
XVenFeb16.1404	44.017587848000005
XVenFeb16.1684	39.285151629
XVenFeb16.1691	39.915452104
XVenFeb16.1697	27.254264230999997
XVenFeb16.31	1.8318987899999999
XVenFeb16.332	3.061669258
XVenFeb16.341	4.892230544999999
XVenFeb16.380	16.258276799
XVenFeb16.44	11.034771357
XVenFeb16.49	11.153737978999999
XVenFeb16.54	8.332075209000001
XVenFeb16.59	7.7979395899999995
XVenFeb16.632	8.54642251
XVenFeb16.656	26.033224894
XVenFeb16.661	21.626073447
XVenFeb16.673	31.163356338000003
XVenFeb16.709	7.147316971999999
XVenFeb16.72	5.823213233000001
XVenFeb16.729	19.747018695
XVenFeb16.732	36.14146789699999
XVenFeb16.733	30.213848557000002
XVenFeb16.754	9.937473531999998
XVenFeb16.766	23.375971087
XVenFeb16.774	29.023681675
XVenFeb16.789	17.302990262
XVenFeb16.790	17.170094308
XVenFeb16.805	32.428826395
XVenFeb16.810	23.828996950999997
XVenFeb16.814	31.999363056000004
XVenFeb16.817	22.421102552
XVenFeb16.818	15.591873739999999
XVenFeb16.822	19.941848985
XVenFeb16.826	22.218343098000002
XVenFeb16.831	7.923673942000001
XVenFeb16.843	24.631682267000002
XVenFeb16.860	31.061455647
XVenFeb16.876	29.042693476
XVenFeb16.880	30.835370279
XVenFeb16.884	34.443622237
XVenFeb16.885	4.619218796
XVenFeb16.897	34.163859322
X15.100	5.466280256
X15.1000	32.718851357
X15.101	9.833339631000001
X15.104	11.521920457999997
X15.106	22.688435925
X15.107	10.427282358
X15.1088	13.125075798000001
X15.1089	24.299553860000003
X15.1090	20.94077428
X15.1098	25.975619691
X15.1099	26.311574136999994
X15.110	26.018146923999996
X15.1100	30.602726082999997
X15.1101	20.243222966
X15.1105	34.884311043
X15.1109	11.793160043
X15.1113	12.09264067
X15.1117	13.073561152
X15.112	6.700716887999998
X15.1121	26.588453144
X15.1125	10.585909766
X15.1129	21.039381624
X15.113	9.353665483
X15.1133	24.504100507999997
X15.1137	16.365289551
X15.1141	28.400695204
X15.1145	3.6254126039999997
X15.1149	20.373352802
X15.1153	6.202071442000001
X15.1157	21.134105997999995
X15.1161	15.779735397999998
X15.1165	25.556377513
X15.1169	6.091279438000001
X15.1173	5.307020722000001
X15.118	4.104476478
X15.1185	26.233380878
X15.119	10.547594648
X15.1193	13.969628944
X15.1197	5.949741865
X15.1219	14.49913276
X15.1223	11.067886865
X15.123	34.60852746
X15.125	9.588272338
X15.1267	17.64664898
X15.128	25.464905509999994
X15.1301	25.995013580000006
X15.1305	12.401780761000001
X15.1309	13.868317605999998
X15.131	10.852535437
X15.1313	36.814144457
X15.1317	17.354228678000005
X15.1321	13.981899141000003
X15.1325	9.122467533000002
X15.1329	40.413338933999995
X15.1333	24.433512058999995
X15.1337	49.592289064000006
X15.134	29.275190784
X15.1341	12.020532074
X15.1345	4.992150006
X15.1349	40.52390286000001
X15.1353	30.771129947
X15.1357	32.583783565
X15.136	20.859281594
X15.1369	13.655794989999999
X15.1373	33.661751788
X15.1377	18.415565037
X15.1381	21.074869603000003
X15.1389	11.623948048
X15.1393	24.570596468999998
X15.1397	3.616449863
X15.140	18.414016065000002
X15.142	16.697439884999998
X15.144	8.213800398000002
X15.146	16.045207229
X15.149	10.49707166
X15.155	8.945789628
X15.159	31.351811085
X15.160	10.470936345999998
X15.163	31.620964236
X15.166	7.695368844999999
X15.170	12.081592503
X15.173	56.73619056900001
X15.174	8.228307692000001
X15.177	32.869978382
X15.178	8.011232413
X15.181	20.849610497
X15.183	24.942224993999996
X15.184	11.234971197999998
X15.188	19.953852234
X15.190	8.735921347000001
X15.194	15.891636152999997
X15.195	6.57038937
X15.196	3.758744621
X15.202	47.35327262999999
X15.206	22.38363662
X15.208	37.398649041000006
X15.209	6.943619373000001
X15.212	28.725450183000003
X15.214	7.813775921
X15.215	15.401694184
X15.218	24.999650246
X15.220	4.9528329509999995
X15.221	10.898010134000002
X15.224	30.063345797999993
X15.226	3.708517264
X15.227	11.503372507999998
X15.231	18.261961740999997
X15.232	26.795060167000003
X15.233	12.406308181
X15.236	19.231996623
X15.243	14.024374186
X15.244	11.014857178
X15.245	13.000243916
X15.248	30.348693883999996
X15.251	10.446968793
X15.256	28.09287715
X15.258	13.101440313000001
X15.261	20.132030513
X15.263	39.219329982000005
X15.264	7.545679955
X15.267	23.908644439
X15.269	31.850486780000004
X15.270	6.277502133
X15.275	25.642803076999996
X15.277	11.242624141
X15.281	32.30459149
X15.282	48.792638908
X15.283	8.109244481
X15.286	19.857679120999997
X15.289	7.6965353190000005
X15.293	10.099812329999999
X15.295	16.688120466999997
X15.297	24.399152585999996
X15.301	24.814084933000004
X15.303	18.976238876999997
X15.304	22.396986153
X15.308	27.740938564999997
X15.311	13.683027023000001
X15.314	14.149337512999999
X15.317	15.409610734
X15.320	16.55451837
X15.322	16.134130550000002
X15.325	20.136192589000004
X15.327	26.767480007999996
X15.33	6.775519706000001
X15.330	9.407698914000001
X15.334	9.177529213
X15.338	20.953015962000002
X15.340	17.555785116
X15.341	16.810291216
X15.345	13.906726745
X15.346	9.398175367
X15.351	22.082286231999994
X15.352	3.545115858
X15.357	14.213247383999999
X15.358	9.767645186
X15.361	4.879619428
X15.362	17.094748197999998
X15.366	10.178523638000001
X15.369	16.987876112000002
X15.378	39.162875522
X15.379	8.664755859
X15.38	30.259225276000002
X15.387	59.508998521
X15.39	8.828323994
X15.391	3.870838692
X15.392	11.140192747
X15.395	20.951279798000005
X15.396	12.022930886000001
X15.399	3.7919828269999996
X15.400	3.672153828
X15.404	11.277630181
X15.409	10.377272813000001
X15.412	24.386275839000003
X15.414	15.560806424999999
X15.415	6.851115755000001
X15.418	12.237656872999999
X15.42	21.524444638
X15.420	13.472858796000004
X15.421	13.458613455999998
X15.424	20.760377277
X15.426	29.314831388
X15.433	5.9349125549999995
X15.434	21.087349187
X15.440	34.366204280000005
X15.446	27.440578195999997
X15.448	23.823470309999998
X15.45	13.164584131999998
X15.450	24.792297163
X15.452	26.211570107
X15.453	12.264542154
X15.457	20.644427760999996
X15.458	11.938054815000001
X15.462	12.364684279999999
X15.466	9.669106591000002
X15.467	4.105657945
X15.470	7.413817275
X15.472	56.118652659999995
X15.473	5.994365789000001
X15.477	4.143223549
X15.478	8.580151568000002
X15.483	4.3052698089999994
X15.484	9.534140403
X15.49	18.924210619
X15.50	60.959182948000006
X15.505	14.466703904000003
X15.506	10.891978073
X15.51	11.294212126000001
X15.510	30.333946377
X15.511	10.897265869
X15.512	14.459413591
X15.517	11.536840108
X15.518	12.355045463000003
X15.524	11.474316479000002
X15.529	4.353739462
X15.530	9.889673892000001
X15.533	30.275009905999998
X15.535	3.7803925759999997
X15.539	20.340590212000002
X15.548	26.000492851000004
X15.55	16.014944286
X15.553	36.704555446
X15.555	34.35344835400001
X15.557	19.121118786
X15.559	25.108750197999996
X15.56	30.855360167999997
X15.563	34.355897999999996
X15.565	32.112729236
X15.569	29.612130077000003
X15.57	10.04070622
X15.584	26.912226157
X15.585	29.175837512
X15.587	28.023466537999997
X15.595	25.514680613000003
X15.596	6.603318915999999
X15.601	27.152284184
X15.602	10.490247802000003
X15.607	11.274351856000001
X15.608	10.801952214
X15.61	20.628985659999998
X15.611	33.32000119
X15.614	14.978715916000002
X15.617	18.928562352
X15.619	9.264900082999999
X15.62	32.136172715
X15.620	12.461449626
X15.623	21.265907056
X15.625	5.8902410220000005
X15.626	14.508217762
X15.629	25.628643643
X15.63	10.05400409
X15.632	10.751226353
X15.635	37.295437787999994
X15.637	15.698421367999998
X15.638	11.642932042000002
X15.641	32.19019985
X15.643	3.975619099
X15.644	8.692874837
X15.647	37.594321746
X15.649	3.8217734230000007
X15.650	15.095179805
X15.653	33.71478156
X15.655	12.104242643999997
X15.656	12.995068473
X15.660	38.336350736
X15.662	4.529102349
X15.663	8.292666883999999
X15.666	12.610808665999999
X15.672	22.899395746000003
X15.674	5.591925582
X15.675	17.990626261
X15.678	25.8783329
X15.68	21.027208271
X15.680	13.896225168
X15.681	11.849929154000002
X15.686	6.224250190999999
X15.687	20.004288732999996
X15.69	40.876938114000005
X15.690	32.316206628
X15.70	16.373010702
X15.701	23.620796583
X15.705	26.373782819000002
X15.709	18.762381008000002
X15.713	7.989276225
X15.717	23.014512549
X15.721	13.171947429
X15.725	14.395565435999998
X15.73	15.179156091
X15.733	33.841612126
X15.737	5.1788887720000005
X15.742	22.523464403000002
X15.746	7.681300028
X15.75	67.59933074300002
X15.750	5.152953935
X15.754	43.649922921
X15.758	20.068695344
X15.76	11.247974486
X15.766	4.606793439
X15.771	27.143332062999995
X15.776	13.609010255000001
X15.784	38.33234423500001
X15.788	10.116880764000001
X15.796	34.614724798
X15.80	23.712827733999998
X15.808	8.301842424
X15.816	26.132627641999996
X15.82	10.43973058
X15.820	31.923783651000008
X15.824	17.423800983
X15.829	21.880248696000002
X15.830	19.865284518000003
X15.834	19.465233635999997
X15.836	35.454644697000006
X15.840	5.120428416999999
X15.844	2.30368644
X15.87	10.142949192000001
X15.871	23.624734940999996
X15.872	30.915969921000002
X15.873	26.345189019
X15.874	22.641214030999997
X15.875	32.195579052
X15.876	18.922268533999997
X15.877	31.097104753000004
X15.88	10.119931273000002
X15.881	31.486680123999996
X15.882	35.398638415
X15.883	34.493949444
X15.884	29.770323384
X15.885	19.130860655
X15.886	30.908523553999995
X15.887	22.891521959
X15.888	14.748675514000002
X15.889	15.021954184000002
X15.890	34.17465482699999
X15.891	24.343441577
X15.892	24.703680771
X15.893	14.844334122999998
X15.894	29.115932033999997
X15.895	22.55768207
X15.896	25.911350646
X15.897	31.365951271000004
X15.898	31.181278341
X15.899	29.038875514999997
X15.900	32.584364819
X15.925	7.513156596
X15.93	20.310977199
X15.931	28.572212600000004
X15.932	26.447869523999998
X15.933	30.020346215
X15.935	20.500704324
X15.936	23.831631798
X15.937	25.355495581999996
X15.94	11.185501307
X15.941	32.411554222999996
X15.942	17.745665607999996
X15.943	19.472206785
X15.944	33.51850429300001
X15.945	26.598012984
X15.946	26.235106547999997
X15.947	13.345835061999999
X15.951	19.855018305999998
X15.952	17.758637606
X15.953	33.552415611
X15.954	33.88507447999999
X15.955	28.883775418000003
X15.956	16.733943993999997
X15.961	34.250754412999996
X15.962	26.353667439
X15.963	32.132595593
X15.964	24.375022928000003
X15.965	25.828236336
X15.966	20.177925788999996
X15.974	20.206498218
X15.976	16.117743574000002
X15.977	23.738423807000004
X15.979	20.896670229
X15.981	31.569601825000003
X15.982	21.524978658000002
X15.983	32.522984335
X15.984	26.650890626
X15.986	28.336556807999997
X15.987	24.714182288
X15.988	31.715418743
X15.99	27.586866975999996
X15.991	24.5708953
X15.992	28.239051569999997
X15.993	25.913048876
X15.994	17.634206706999997
X15.995	22.005764089
X15.996	25.677730747000002
X15.997	14.478713453000001
X15.998	24.761287051
XDNA.Neg37	17.774754989
X15.102	67.461453431
X15.103	72.81826164399999
X15.1059	33.239877902
X15.1060	45.081005020999996
X15.1066	35.836027711
X15.1067	54.793424191
X15.108	75.099041953
X15.109	69.186732877
X15.1102	17.128336945999997
X15.1103	74.151798022
X15.1104	50.438751157999995
X15.1106	23.729672175999998
X15.1107	47.348929696
X15.1108	47.379384571
X15.1110	18.327092453
X15.1111	47.88001665200001
X15.1112	47.195262240999995
X15.1114	13.058580437
X15.1115	39.626045608
X15.1116	50.946502347000006
X15.1118	13.669755106000002
X15.1119	42.320982699000005
X15.1120	54.026889956000005
X15.1122	13.906670884
X15.1123	54.131474699
X15.1124	46.895246153
X15.1126	12.222381690999999
X15.1127	47.91965061900001
X15.1128	48.557676512
X15.1130	11.297714734000003
X15.1131	41.74905106500001
X15.1132	42.58283905700001
X15.1134	20.879618739
X15.1135	44.78511867400001
X15.1136	39.413447575
X15.1138	13.425545035999999
X15.1139	30.646512872
X15.114	94.708922335
X15.1140	35.31911657999999
X15.1142	9.780773183
X15.1143	34.041077598
X15.1144	36.777216181
X15.1146	12.78810906
X15.1147	37.971561067
X15.1148	27.409513551000003
X15.115	85.19566976800002
X15.1150	9.665739579000002
X15.1151	28.126542515
X15.1152	44.455178922
X15.1154	14.383649523000003
X15.1155	35.410506796
X15.1156	54.05902404599999
X15.1158	18.960542195
X15.1159	39.827390123
X15.1160	24.595191431
X15.1162	13.991742007000003
X15.1163	47.555889314
X15.1164	37.887033949
X15.1166	14.597731571
X15.1167	70.52204239900001
X15.1168	36.274558881
X15.1170	9.890315799
X15.1171	42.10942051999999
X15.1172	39.453279888999994
X15.1174	6.862565952
X15.1175	49.86908065
X15.1176	45.919317699
X15.1178	12.009397680000003
X15.1179	42.028656098000006
X15.1180	45.994049263
X15.1182	12.693441702
X15.1183	39.374982135
X15.1184	45.589162583000004
X15.1186	15.360262245000001
X15.1187	20.967244781999998
X15.1188	36.079649862
X15.1190	14.463248809
X15.1191	44.58110884600001
X15.1192	46.05378592
X15.1194	12.162918324
X15.1195	45.52062134900001
X15.1196	59.167951652000006
X15.1198	13.376561083999999
X15.1199	28.6981565
X15.120	66.166107976
X15.1200	28.437494938999997
X15.121	77.830498487
X15.1220	9.43184428
X15.1221	38.897466431999995
X15.1222	30.883107477999996
X15.1224	17.116961681
X15.1225	35.917687087999994
X15.1226	46.10970802400001
X15.1233	35.779897305
X15.1234	42.278135524
X15.1237	30.225764803
X15.1238	60.94712642100001
X15.1243	32.529810938000004
X15.1244	38.200603672999996
X15.1249	41.342491484
X15.1250	50.25298277099999
X15.1259	26.679791777
X15.126	68.36710338099999
X15.1260	52.62305531500001
X15.1268	13.645022419
X15.1269	35.724033806
X15.127	65.963499539
X15.1270	42.937091966
X15.1271	56.443223016999994
X15.1272	54.23251157199999
X15.1275	35.022305461
X15.1276	71.591901436
X15.1302	13.669046921
X15.1303	33.08230424399999
X15.1304	38.457595074000004
X15.1306	9.242861869000002
X15.1307	28.694059126
X15.1308	29.056173555
X15.1310	11.838007529999999
X15.1311	32.753238607
X15.1312	32.830115727999996
X15.1314	14.626055968000001
X15.1315	43.26277274300001
X15.1316	35.78585802600001
X15.1318	18.127955966000002
X15.1319	44.33638299
X15.132	71.66454553199999
X15.1320	42.024618008999994
X15.1322	12.957710994
X15.1323	38.987609178
X15.1324	31.073049285000003
X15.1326	13.800174822999999
X15.1327	36.62139539499999
X15.1328	24.950735341
X15.133	91.960157328
X15.1330	13.645772539000003
X15.1331	40.265549904
X15.1332	36.31405914
X15.1334	21.004293427000004
X15.1336	43.638928272
X15.1338	8.080526391
X15.1339	64.82639358399999
X15.1340	37.653862626
X15.1342	10.749466678000001
X15.1343	46.134909495
X15.1344	40.126031703
X15.1346	10.250902244999999
X15.1347	42.212758533
X15.1348	38.938649069
X15.1350	9.888497190999999
X15.1351	36.925794283
X15.1352	29.377548131
X15.1354	10.438246009
X15.1355	33.049562296
X15.1356	41.63242929
X15.1358	12.999259390000002
X15.1359	51.82221271199999
X15.1360	39.766988952
X15.1366	10.633009773000001
X15.1367	48.200998908
X15.1368	43.140590866000004
X15.1370	10.908215578
X15.1371	26.144539613
X15.1372	35.224008644
X15.1374	9.589746214000002
X15.1375	43.904582185
X15.1376	31.827819351000002
X15.1378	16.011279744
X15.1379	48.998393154999995
X15.1380	40.728863813000004
X15.1382	12.196579667999998
X15.1383	48.438534614
X15.1384	39.730924314
X15.1386	9.568478387999999
X15.1387	34.080068278
X15.1390	15.416939558
X15.1391	40.865330519
X15.1392	30.209730565999998
X15.1394	7.330559384
X15.1395	35.445062738000004
X15.1396	34.674058689
X15.1398	13.82015138
X15.1399	46.81474882099999
X15.14	44.218402289000004
X15.1400	35.006514548
X15.152	34.436423680999994
X15.156	65.688753363
X15.157	62.573780770999996
X15.161	56.529958678
X15.162	72.432506413
X15.167	105.30546671100004
X15.168	78.068154891
X15.171	67.785388086
X15.172	57.18970140399999
X15.175	75.89968406099999
X15.176	84.89033775099999
X15.179	41.629116609
X15.180	65.780017791
X15.185	25.795336463
X15.186	36.11533278699999
X15.19	47.50602771499999
X15.191	57.044539212
X15.192	64.58327954100001
X15.197	32.791929456999995
X15.198	29.017979571999998
X15.204	57.035287488
X15.210	63.714397348999995
X15.211	50.98356102900001
X15.216	52.136142024
X15.217	84.072727488
X15.222	69.43516488399999
X15.223	65.350153502
X15.228	80.771535691
X15.229	56.939430431000005
X15.234	50.91121966600001
X15.235	59.20539105099999
X15.24	61.684164118000005
X15.240	42.447046500999996
X15.241	45.250486732
X15.246	72.70757653199999
X15.247	67.74621073499999
X15.25	60.35603641400001
X15.252	58.801060725
X15.253	40.135139095999996
X15.259	57.825603287
X15.260	41.684844580000004
X15.265	73.43059117400001
X15.266	75.48413418999999
X15.271	46.405038357
X15.272	45.755205119
X15.278	50.244270376
X15.279	68.062453279
X15.284	68.873805305
X15.285	85.186692769
X15.290	70.32967271500002
X15.291	86.46083247099999
X15.30	30.186841500999996
X15.31	48.252873612
X15.331	57.523027759
X15.332	64.706276442
X15.335	62.279234325
X15.336	57.024872955
X15.34	57.567102069000015
X15.342	63.56974049099999
X15.343	63.92416296099999
X15.347	69.21316884100001
X15.348	78.154228423
X15.35	82.96560913199998
X15.353	38.717168777
X15.354	18.034539293999998
X15.359	48.038999157
X15.360	52.09128387900001
X15.364	63.58997546500001
X15.367	31.418998676999998
X15.368	59.920917395
X15.371	49.294980077999995
X15.372	37.382709129999995
X15.380	41.019163567
X15.381	39.499435223
X15.384	39.78802090799999
X15.385	34.59317866000001
X15.389	58.798010915999996
X15.390	82.38382187900002
X15.393	52.511659427
X15.394	54.869112183000006
X15.397	62.028261738
X15.398	57.956023776
X15.40	69.16690959
X15.401	38.216295521
X15.402	32.50308299
X15.405	56.08542457899999
X15.406	59.394255599999994
X15.41	57.352060173
X15.410	50.81219714099999
X15.411	45.749170723999995
X15.416	47.979443864
X15.417	60.52193362500002
X15.422	40.301740577000004
X15.423	48.008832068
X15.428	49.45067457200001
X15.429	60.921336048
X15.435	54.652894296999996
X15.436	51.733434112000005
X15.443	52.667352605
X15.444	28.172786646
X15.454	53.820331519
X15.455	33.274299169
X15.459	52.734421907
X15.46	59.761519850999996
X15.460	48.982658804
X15.463	41.383087280999995
X15.464	50.104151124
X15.468	14.652861479999999
X15.469	43.30168870700001
X15.47	72.05162522200001
X15.474	46.525132750000004
X15.475	42.431162748999995
X15.479	42.162136571999994
X15.480	44.839660212
X15.485	37.65291797500001
X15.486	33.156416349
X15.497	22.576805997000005
X15.503	35.694052565
X15.504	32.81263728400001
X15.507	64.781110773
X15.508	65.40774017300001
X15.513	53.186573123
X15.514	35.843123265
X15.519	64.941513743
X15.52	65.345339902
X15.520	41.76562549599999
X15.525	46.098070826
X15.526	38.234141255000004
X15.53	69.809126023
X15.531	59.732226084
X15.532	48.190745514
X15.537	65.860057011
X15.538	54.613823919000005
X15.549	53.67891959500001
X15.575	29.827628990999994
X15.576	31.765990799
X15.579	23.505006569
X15.58	95.085079491
X15.580	31.739188396
X15.581	33.824279177
X15.582	44.692947737000004
X15.593	33.099421852
X15.594	45.24041533599999
X15.597	37.929472041000004
X15.598	34.752237079
X15.603	40.534344667000006
X15.604	31.503724867000003
X15.609	33.520916186
X15.610	40.273592909
X15.615	48.646069505999996
X15.616	48.472938004
X15.621	40.81387272999999
X15.622	39.88399000499999
X15.627	42.39521696599999
X15.628	37.328091494
X15.633	32.981141643
X15.634	30.697266206
X15.639	36.481072989000005
X15.64	51.905903723
X15.640	34.00709597499999
X15.645	37.63224988100001
X15.646	32.459158966000004
X15.65	40.503872124
X15.651	56.10121125
X15.652	29.728996487
X15.657	19.201296334000002
X15.658	25.641892489999996
X15.664	32.693459106
X15.665	31.123471809999995
X15.670	42.818445643
X15.671	37.670206103999995
X15.676	28.496289059000002
X15.677	49.35823074400001
X15.682	36.783184301
X15.683	54.054339530000014
X15.688	46.797390431
X15.689	28.759694655999997
X15.694	29.39496168
X15.695	37.716361245
X15.702	17.234781931999997
X15.703	49.513117588
X15.704	31.483898599999996
X15.706	13.159999733
X15.707	29.686884628
X15.708	30.585145422999997
X15.71	70.905710542
X15.710	14.824016131
X15.711	71.820729489
X15.712	56.931364980000005
X15.714	12.714905128999998
X15.715	30.990462643999994
X15.716	36.177131188999994
X15.718	18.648265381
X15.719	54.957215441
X15.72	71.604977257
X15.720	40.057260201999995
X15.722	11.453759971
X15.723	33.37247420200001
X15.724	39.158649264
X15.726	18.896774205999996
X15.727	63.397915545000004
X15.728	66.689304965
X15.730	14.375793473
X15.731	56.89610737799999
X15.734	12.887816729
X15.735	32.6287227
X15.736	28.101488907000004
X15.738	5.4234388540000005
X15.739	38.402817235
X15.740	20.189232491
X15.743	14.297745120000002
X15.747	14.743066821000003
X15.748	60.741805334000006
X15.749	47.216766988
X15.751	9.971699742999999
X15.752	50.840168683
X15.753	33.052989468
X15.755	12.971118911999998
X15.756	46.529544078
X15.757	40.410865554
X15.759	16.391802837
X15.760	40.509016138
X15.761	39.34620662299999
X15.763	12.634101418
X15.764	44.507576615999994
X15.765	43.645783294000005
X15.767	9.035641515000002
X15.768	38.651574116
X15.769	33.415244161000004
X15.77	53.588756729
X15.774	40.021933432999994
X15.777	14.172141577000001
X15.778	41.754502933999994
X15.779	32.974692164
X15.78	57.732836352000014
X15.781	4.342573906
X15.782	46.269379822999994
X15.783	42.090563072
X15.785	13.675023203000002
X15.787	30.345651837000002
X15.789	19.801469186999995
X15.790	44.23589333700001
X15.791	41.022989515999996
X15.798	19.315580121999997
X15.799	32.917070476
X15.800	30.063278564
X15.809	10.021624607
X15.810	62.641634707
X15.811	59.718856990999996
X15.813	7.138357412
X15.814	36.377301276000004
X15.815	21.785503996999996
X15.817	8.918283443
X15.818	57.99496235
X15.821	5.471410245
X15.822	49.71173902999999
X15.823	64.05989836399999
X15.825	10.515307853000003
X15.826	77.42078491699999
X15.827	76.06254733200001
X15.83	70.68177646400001
X15.831	6.011878953
X15.833	43.161517464999996
X15.837	6.713088887
X15.838	29.974744660000002
X15.839	46.04508682899999
X15.84	82.218823419
X15.841	9.530503829
X15.842	48.85493026099999
X15.843	62.03404801100002
X15.845	5.075641744
X15.846	29.630003016999993
X15.847	43.459657123
X15.854	42.107415999000004
X15.855	45.747157824000006
X15.862	42.395018784
X15.863	57.12377353499999
X15.869	47.315331062
X15.870	31.154466535
X15.89	87.36667869099998
X15.90	78.68061736
X15.903	31.299607944
X15.904	36.787616228000005
X15.907	47.233356228
X15.908	63.016368877999994
X15.923	44.49032196899999
X15.924	44.564519282999996
X15.926	22.764448626
X15.927	47.295798052
X15.928	41.82231697699999
X15.938	9.111544121000001
X15.939	38.58449637199999
X15.948	10.683593431999999
X15.949	41.76088450900001
X15.95	93.964117679
X15.950	31.991580807
X15.96	79.12307933599998
X15-1047	27.875652311
X15-1048	25.053641217000006
X15-1049	21.14939173
X15-1051	24.238302549999997
X15-1052	12.540906093999999
X15-1701	15.581848427
X15-1702	15.576071600999997
X15-1704	21.889206544000004
X15-1707	5.340169513999999
X15-1708	4.633681968999999
X15-1709	13.147920970000001
X15-1712	26.289790978
X15-1713	25.881048578000012
X15-1714	12.683135455999997
X15-1717	17.099712747999998
X15-1719	18.326428267999997
X15-1720	15.796542962999998
X15-1722	5.046636223999999
X15-1723	27.728630937
X15-1724	16.718434144000003
X15-1725	2.8542855830000007
X15-1732	4.054762389
X15-1787	21.287461495000002
X15-17X15	21.989635546
X15-802	45.049079427
X15-806	24.323362318
X15-807	10.183510661
X15-912	48.697008699
X15-913	52.846480109000005
X15-914	36.836023053
X15-916	16.075869785000002
X15-917	27.289708417
X15-918	23.417526671999997
X15-919	11.786252215999998
X15-9X15	29.052750899000003
X16-1102	46.45016817199999
X16-1103	4.175741628
X16-1104	19.239655149
X16-1105	23.087409149
X16-1106	51.484123009
X16-1108	31.288071206000005
X16-1109	28.567411638000003
X16-1112	26.392397868000007
X16-1113	2.209271621
X16-1114	3.4762740439999997
X16-1115	23.815419295999998
X16-1116	21.801758571999997
X16-1117	6.318094216
X16-1118	11.031165416999999
X16-1121	26.426945941
X16-1122	16.464716571
X16-1123	23.164737164
X16-1124	12.706389658
X16-1125	19.48061782
X16-1126	19.277822724000004
X16-1127	14.040192027
X16-1128	22.919265766000002
X16-1129	22.403329163
X16-1130	15.465794463
X16-1131	12.059247995
X16-1132	20.179600868
X16-1133	34.149965376000004
X16-1136	21.814633547
X16-1140	39.317425017
X16-1142	28.131769341000002
X16-1146	43.237770866000005
X16-1150	12.206936194
X16-1201	20.910466076
X16-1202	21.229185711000003
X16-1203	9.859590277
X16-1204	35.428962838
X16-1205	20.987871891999998
X16-1206	12.190160964000002
X16-1207	27.161702174
X16-1208	30.846771105
X16-1211	23.604329770999996
X16-1212	14.501246711
X16-1213	28.012963359
X16-1214	29.309042748000003
X16-1215	12.949941716
X16-1216	35.319351888
X16-1217	36.926270237
X16-1218	13.811299320000002
X16-1219	22.925112840999997
X16-1220	22.878347842
X16-1222	35.96264273700001
X16-1223	39.786016393999994
X16-1224	12.305370350000002
X16-1225	38.524707424
X16-1226	44.82723860699999
X16-1227	15.884496016000002
X16-1231	31.63877668
X16-1232	39.88444999099999
X16-1233	13.956061834000002
X16-1234	22.965516508000007
X16-1236	21.392886092000005
X16-1238	27.271514615999997
X16-1240	32.679984429
X16-1241	35.914400389
X16-1242	17.248455337
X16-1244	50.95449857999999
X16-1245	28.271797925
X16-1246	22.714317746000006
X16-1247	25.105059411
X16-1248	20.443567653000002
X16-1249	23.426891211000004
X16-1250	19.722800001
X16-1251	18.156771046
X16-1252	19.092946349000005
X16-1254	39.626698811
X16-1255	21.289046623
X16-1257	35.99300286799999
X16-1259	9.473582477999999
X16-1261	16.917227553
X16-1262	18.092890072
X16-1263	22.418699841
