	shannon
X15.1	6.431127997611832
X15.1053	5.144385172484942
X15.1055	2.7477632520144657
X15.1062	5.901589203791149
X15.1081	4.670661468797464
X15.1083	5.739227924997663
X15.1085	6.312667273105536
X15.1086	5.758063104724192
X15.1091	5.028702693681675
X15.1092	5.429809421785468
X15.1095	6.050672509513525
X15.1227	6.502831706170511
X15.1231	6.128495135989944
X15.1239	6.484668117481478
X15.1245	5.270690841074432
X15.1251	5.106690174196178
X15.1253	5.340923504400151
X15.1254	5.783515177755756
X15.1255	5.612241834880182
X15.1256	5.300197316921737
X15.1261	6.1282500982749255
X15.1262	5.153208473840172
X15.1263	4.883236956827905
X15.1280	5.542848595644208
X15.1281	5.174501667840379
X15.15	3.432925393567207
X15.2	5.516246773251849
X15.376	5.417191071719695
X15.487	5.595719800467703
X15.489	5.135105443471809
X15.492	4.115613577351504
X15.515	6.174017202823501
X15.527	6.295226919821384
X15.551	6.429666155623617
X15.696	5.523377355614386
X15.698	6.025607192956662
X15.7	3.5500358519739463
X15.794	6.571871889853922
X15.848	5.053155834187162
X15.85	6.377940485144205
X15.850	5.573283668064405
X15.865	5.506986239384681
X15.909	5.422065883187226
X15.910	6.261611284329434
X15.920	5.882755169121874
X15.959	6.30205746082743
X15.960	6.324256614598669
XDNA.Neg27	6.202020248425081
XDNA.Neg4	5.535212860195216
XPCR.Neg3	6.080961231341109
XVenFeb16.1007	6.803082785624846
XVenFeb16.1008	4.123364487388902
XVenFeb16.101	3.3883414442273416
XVenFeb16.1012	5.584051453847568
XVenFeb16.1017	2.3558476850327983
XVenFeb16.1021	3.9505711254347124
XVenFeb16.1025	2.6243891034473497
XVenFeb16.1029	4.515456451715736
XVenFeb16.1034	1.6674313066200086
XVenFeb16.1038	5.520139850131112
XVenFeb16.1043	4.492506426455097
XVenFeb16.1047	2.4258928140106737
XVenFeb16.105	6.349924335890418
XVenFeb16.1051	2.762586782550195
XVenFeb16.1055	5.410498408280434
XVenFeb16.1059	3.5471299391374993
XVenFeb16.1064	2.39801404610856
XVenFeb16.1068	6.184285869002848
XVenFeb16.107	5.300711035136772
XVenFeb16.1086	5.90388026517583
XVenFeb16.1088	6.020351268401573
XVenFeb16.109	4.915332365972292
XVenFeb16.1090	6.132433695421513
XVenFeb16.1092	5.793196309687361
XVenFeb16.1094	4.6211449383341305
XVenFeb16.1096	5.5543588053030835
XVenFeb16.1098	4.9472136109589835
XVenFeb16.111	4.478637156110251
XVenFeb16.113	4.534103759570173
XVenFeb16.115	4.4915349788715115
XVenFeb16.1165	4.463868942247055
XVenFeb16.1175	5.53093949170014
XVenFeb16.1195	3.532191797892026
XVenFeb16.12	5.417499855794003
XVenFeb16.121	5.4429932607387785
XVenFeb16.123	4.823669717744908
XVenFeb16.125	6.781705571427321
XVenFeb16.127	4.053780744051966
XVenFeb16.1270	6.458600670497299
XVenFeb16.1276	6.1819781307151285
XVenFeb16.1282	6.164881159182793
XVenFeb16.1288	5.499284742092029
XVenFeb16.129	4.728492036511472
XVenFeb16.1290	5.78756756757133
XVenFeb16.1292	5.0429343213606534
XVenFeb16.1296	1.643481941875407
XVenFeb16.1302	3.498354444040814
XVenFeb16.1306	2.144855453763492
XVenFeb16.131	3.3367721594855757
XVenFeb16.1310	2.4205124504075712
XVenFeb16.1318	1.8762322661422526
XVenFeb16.1322	1.3623252669594785
XVenFeb16.1326	2.887277570689802
XVenFeb16.133	4.887059181717979
XVenFeb16.1330	2.182451650183067
XVenFeb16.1334	3.1520536748141037
XVenFeb16.1338	2.2105457463454985
XVenFeb16.1342	4.385774069501722
XVenFeb16.1346	3.61195582167507
XVenFeb16.135	5.019643778541796
XVenFeb16.1350	2.4556190680909578
XVenFeb16.1354	1.8940784177750012
XVenFeb16.1358	1.8969649460576452
XVenFeb16.1362	2.843417119935765
XVenFeb16.1366	3.1509248589238625
XVenFeb16.137	4.995569330974687
XVenFeb16.141	4.213981438589496
XVenFeb16.143	4.737279692575668
XVenFeb16.145	5.972830514013661
XVenFeb16.147	4.4904083910334
XVenFeb16.149	5.210905582002662
XVenFeb16.157	2.7914847003697516
XVenFeb16.1601	5.383893822202544
XVenFeb16.1602	5.313364348780875
XVenFeb16.1603	6.5753288125615805
XVenFeb16.1604	4.8782217755944055
XVenFeb16.1605	6.282399736226714
XVenFeb16.1606	6.717674171195512
XVenFeb16.1607	5.7151426965112675
XVenFeb16.1609	6.013271905331761
XVenFeb16.161	1.7174945421219052
XVenFeb16.1611	5.0683371246816815
XVenFeb16.1612	3.5880222696201765
XVenFeb16.1613	5.524729575628097
XVenFeb16.1614	5.35044806751455
XVenFeb16.1616	5.085218144118545
XVenFeb16.1618	5.032978911370521
XVenFeb16.1620	6.2557551868461285
XVenFeb16.1622	5.991766232463716
XVenFeb16.1624	5.30574740656763
XVenFeb16.1626	6.096353580858922
XVenFeb16.1627	3.390165106605245
XVenFeb16.1628	5.872525382058623
XVenFeb16.1629	5.416255434953538
XVenFeb16.1631	5.160873117452119
XVenFeb16.1632	6.082583739555068
XVenFeb16.1634	4.596346806151419
XVenFeb16.1635	6.273149390505513
XVenFeb16.1637	5.958043070562482
XVenFeb16.1639	5.83803829721192
XVenFeb16.1641	3.4223754275697917
XVenFeb16.1643	4.499883195695038
XVenFeb16.1644	4.677679747639437
XVenFeb16.1646	4.855506015020437
XVenFeb16.1647	5.298605118755587
XVenFeb16.1649	4.790625059888969
XVenFeb16.1651	5.020036807715179
XVenFeb16.1653	6.7979202694230505
XVenFeb16.1654	5.292545351762689
XVenFeb16.1656	5.7289237687013035
XVenFeb16.1658	5.240599926991366
XVenFeb16.1660	3.617940709407453
XVenFeb16.1662	6.361457767417619
XVenFeb16.1664	4.70556663927357
XVenFeb16.1665	5.611411682145885
XVenFeb16.1666	5.551726840756169
XVenFeb16.1668	6.037671410648266
XVenFeb16.1669	5.236023196045667
XVenFeb16.1671	5.351796934851368
XVenFeb16.1673	5.297059022330183
XVenFeb16.1675	4.367946255147879
XVenFeb16.1677	5.066609960716834
XVenFeb16.1678	5.448629812995316
XVenFeb16.1680	6.036049633468908
XVenFeb16.1688	4.830164381783799
XVenFeb16.169	3.5748268825646936
XVenFeb16.1694	5.011719390674751
XVenFeb16.1700	5.128733825428998
XVenFeb16.1701	5.708841954241597
XVenFeb16.1702	4.9704556846117365
XVenFeb16.1703	5.565829139291619
XVenFeb16.1704	5.448756619444295
XVenFeb16.1705	4.807735829419801
XVenFeb16.1707	6.222730454216131
XVenFeb16.1708	5.3725364300071625
XVenFeb16.1710	5.171804326096769
XVenFeb16.1712	5.80386004527864
XVenFeb16.1713	6.442799056519392
XVenFeb16.1715	6.47259372917101
XVenFeb16.1717	5.398311443097803
XVenFeb16.1719	4.905576412876093
XVenFeb16.1721	6.603311501394272
XVenFeb16.1723	5.138267196206533
XVenFeb16.1724	5.255796060755806
XVenFeb16.1726	5.757809158208897
XVenFeb16.1728	6.7928450328287235
XVenFeb16.173	2.55656125747761
XVenFeb16.1730	6.503921133371051
XVenFeb16.1732	5.427326269687072
XVenFeb16.1734	5.083966546568944
XVenFeb16.1736	5.585232564539336
XVenFeb16.1737	5.918016513576625
XVenFeb16.1739	2.7022985825445986
XVenFeb16.1740	6.983180776240065
XVenFeb16.1742	6.253165954145182
XVenFeb16.1744	6.301264800233891
XVenFeb16.1746	5.642308329744199
XVenFeb16.1748	5.514030589580416
XVenFeb16.1750	5.950897158893296
XVenFeb16.1752	6.1546336677571665
XVenFeb16.1754	5.395829131094168
XVenFeb16.1756	4.720033721238859
XVenFeb16.1757	4.774775859584453
XVenFeb16.1759	6.482150474282299
XVenFeb16.1761	5.287558438236217
XVenFeb16.1763	5.178046447635485
XVenFeb16.1765	6.405291200279622
XVenFeb16.1767	5.4684441000593385
XVenFeb16.1769	5.820972736401022
XVenFeb16.177	2.9962500154452085
XVenFeb16.1771	6.211525237005186
XVenFeb16.1773	5.740967764413485
XVenFeb16.1777	6.42798444599756
XVenFeb16.1779	5.18686602139807
XVenFeb16.1781	5.725049535560081
XVenFeb16.1783	5.440122398011451
XVenFeb16.1785	6.162492665665464
XVenFeb16.1787	5.032502590075462
XVenFeb16.1789	6.14081540662734
XVenFeb16.1791	5.854307255029171
XVenFeb16.1793	6.588922232465769
XVenFeb16.1795	6.355304767042906
XVenFeb16.1797	6.457129118001762
XVenFeb16.1799	5.5207291573764765
XVenFeb16.18	6.17806351243998
XVenFeb16.189	2.2318820756169786
XVenFeb16.193	1.6273416023996818
XVenFeb16.201	3.187654663158547
XVenFeb16.205	4.194095593211066
XVenFeb16.209	2.7288311929075952
XVenFeb16.221	2.0351539861302608
XVenFeb16.225	1.864091007166929
XVenFeb16.237	3.331261182614053
XVenFeb16.241	2.785783886665463
XVenFeb16.245	3.68897340029383
XVenFeb16.25	6.173749734098278
XVenFeb16.253	3.568383398398011
XVenFeb16.255	5.318684275218328
XVenFeb16.257	5.844440954687506
XVenFeb16.259	6.470701425888817
XVenFeb16.266	5.31800922238755
XVenFeb16.267	6.039507211953264
XVenFeb16.269	4.331435806038205
XVenFeb16.271	5.148445521153568
XVenFeb16.273	3.973449412280293
XVenFeb16.275	4.688791590078566
XVenFeb16.277	5.102943908689727
XVenFeb16.281	5.153350695118989
XVenFeb16.283	3.855929195089949
XVenFeb16.285	5.620379069820569
XVenFeb16.287	2.4797056136489
XVenFeb16.289	4.629606581729967
XVenFeb16.293	4.439603712349723
XVenFeb16.295	4.442815043401724
XVenFeb16.297	6.473565274173871
XVenFeb16.299	4.422707090992082
XVenFeb16.301	5.945064523339752
XVenFeb16.303	5.591433362368431
XVenFeb16.305	4.004705448711214
XVenFeb16.307	5.302634957205917
XVenFeb16.309	3.5102654368187958
XVenFeb16.311	5.892669889768991
XVenFeb16.313	2.8987601550216673
XVenFeb16.315	5.014975642550695
XVenFeb16.32	6.257048173008674
XVenFeb16.322	5.905088373850488
XVenFeb16.323	3.1275361102466617
XVenFeb16.328	3.292495732184156
XVenFeb16.333	2.491624160618698
XVenFeb16.337	3.0697449898457765
XVenFeb16.342	3.385422343234133
XVenFeb16.346	2.355863241584237
XVenFeb16.350	0.953208112017019
XVenFeb16.354	3.309810205276667
XVenFeb16.358	1.935671128241921
XVenFeb16.362	2.2865021577800473
XVenFeb16.366	2.9763008076928577
XVenFeb16.374	2.603825615726588
XVenFeb16.38	6.312303730683013
XVenFeb16.382	5.052859729931541
XVenFeb16.384	4.77282874199368
XVenFeb16.392	5.608454409824253
XVenFeb16.40	3.7886890551772088
XVenFeb16.400	6.22766638523346
XVenFeb16.417	2.413863656015435
XVenFeb16.421	3.7562313584302505
XVenFeb16.425	3.247020564261883
XVenFeb16.429	2.9149701952915725
XVenFeb16.433	1.0530040081549554
XVenFeb16.437	3.233743547036832
XVenFeb16.441	2.697685432138371
XVenFeb16.457	2.690368961074746
XVenFeb16.477	3.540217747632768
XVenFeb16.485	3.439593241883425
XVenFeb16.489	3.2870497286643814
XVenFeb16.493	3.583498325266759
XVenFeb16.497	2.681966365584285
XVenFeb16.505	5.713641663224798
XVenFeb16.509	5.029750445637852
XVenFeb16.511	5.648020224518111
XVenFeb16.513	5.357348492587436
XVenFeb16.515	5.761377038081811
XVenFeb16.519	6.279988748028209
XVenFeb16.525	5.839064298822541
XVenFeb16.527	5.835139216203934
XVenFeb16.529	5.161080078534912
XVenFeb16.533	5.454799200319735
XVenFeb16.535	5.001836368160949
XVenFeb16.537	4.526599631570153
XVenFeb16.539	4.8534795399102535
XVenFeb16.541	5.003139591867974
XVenFeb16.544	6.569263611964368
XVenFeb16.546	4.24907262455131
XVenFeb16.55	4.212562166870214
XVenFeb16.552	5.54243268082193
XVenFeb16.556	3.2236610236892105
XVenFeb16.564	2.25224728946337
XVenFeb16.568	2.0831597599772826
XVenFeb16.572	4.1627097658054435
XVenFeb16.584	2.7882554233329992
XVenFeb16.588	2.555020239078434
XVenFeb16.592	2.70349439609494
XVenFeb16.596	4.616125461820899
XVenFeb16.6	5.392606822029861
XVenFeb16.60	0.46397458901090594
XVenFeb16.604	2.1631270657420507
XVenFeb16.616	6.079018988509298
XVenFeb16.617	5.382826857094382
XVenFeb16.621	6.372376785741942
XVenFeb16.622	5.6231402916400635
XVenFeb16.623	5.161745818759847
XVenFeb16.624	5.834412070568092
XVenFeb16.626	4.303671058643868
XVenFeb16.627	5.443157359024928
XVenFeb16.628	4.5259173233745384
XVenFeb16.637	1.7414008566407666
XVenFeb16.64	2.5132244339674585
XVenFeb16.646	3.783634081450013
XVenFeb16.663	3.652729646204958
XVenFeb16.675	4.962463611816188
XVenFeb16.679	4.69047039834238
XVenFeb16.701	4.2482275438873165
XVenFeb16.705	4.448329441693187
XVenFeb16.710	3.865640895909968
XVenFeb16.714	0.9828718827956164
XVenFeb16.718	2.0631487912625124
XVenFeb16.730	3.7753380932511837
XVenFeb16.734	2.841595016925349
XVenFeb16.738	2.2604820869098585
XVenFeb16.746	5.568662273817443
XVenFeb16.750	3.765706767671431
XVenFeb16.755	4.12382184439894
XVenFeb16.759	3.885796471960504
XVenFeb16.763	3.156274201841109
XVenFeb16.767	3.914140826968133
XVenFeb16.77	1.4606286470334577
XVenFeb16.771	5.121427131521681
XVenFeb16.775	4.247641830979478
XVenFeb16.779	4.087919273385073
XVenFeb16.783	2.526590408300132
XVenFeb16.787	3.487692129342884
XVenFeb16.791	2.5327675171730792
XVenFeb16.795	3.547376704791523
XVenFeb16.799	2.822040971354657
XVenFeb16.803	6.259887839842236
XVenFeb16.81	2.8731652171385402
XVenFeb16.811	3.677016203908246
XVenFeb16.815	2.529201447034744
XVenFeb16.819	2.642227707998779
XVenFeb16.823	2.3319160791409503
XVenFeb16.827	7.014157253677848
XVenFeb16.832	3.4575399288025443
XVenFeb16.836	2.611591526644108
XVenFeb16.840	2.893278634246155
XVenFeb16.844	2.184877712186132
XVenFeb16.848	2.6308487683442583
XVenFeb16.852	2.92245171895878
XVenFeb16.857	1.84819251571336
XVenFeb16.861	1.7364636803757452
XVenFeb16.865	2.9280999227566173
XVenFeb16.873	2.2996562233259774
XVenFeb16.877	3.908204886697302
XVenFeb16.881	3.4649768786847934
XVenFeb16.886	1.9559940101760178
XVenFeb16.89	2.095745849104442
XVenFeb16.890	3.2356248848139773
XVenFeb16.898	3.313321952640883
XVenFeb16.97	2.968238492523451
X15.1057	0.6258710668171038
X15.1058	2.9283463179861324
X15.1064	3.761653134211955
X15.1065	4.255420273068773
X15.1229	2.774213906172136
X15.1230	1.6663102451257377
X15.1235	1.6431182079156934
X15.1236	2.2296132551674446
X15.1247	2.6917274716968103
X15.1248	3.23209901868141
X15.1257	2.2609493980034534
X15.1258	4.808488731000879
X15.1265	2.4803252904938438
X15.1266	4.612051807278544
X15.1273	2.960574264279033
X15.1274	3.199824080951493
X15.150	1.9456939651623646
X15.151	2.2312958765544306
X15.17	3.620054675918547
X15.18	3.26683309642744
X15.22	2.852220780747156
X15.23	3.8797665358966764
X15.28	4.056081412886077
X15.29	2.1657428088562534
X15.441	2.9298503109815326
X15.442	4.025740841361842
X15.494	2.776665177292616
X15.495	3.0885532965004283
X15.501	0.2494137355563902
X15.502	3.4543033548359756
X15.573	0.23446888551183667
X15.574	2.7705533550638064
X15.577	2.3010279920181174
X15.578	3.0864634568190774
X15.591	3.3856960540523215
X15.592	5.196567185659863
X15.692	3.068695180446657
X15.693	3.7164663586205333
X15.852	2.825528733963513
X15.853	3.6990501485174065
X15.856	2.3135418177750124
X15.857	3.262036632616434
X15.860	2.7240627197524723
X15.861	3.489705495150459
X15.901	3.049941767908672
X15.902	3.543780171048449
X15.905	1.8734586073247472
X15.906	3.5288514712763623
X15.921	2.4103104642712414
X15.922	4.081750354863973
XVenFeb16.100	6.883211855104713
XVenFeb16.1001	1.4362049851416478
XVenFeb16.1013	4.651951978006881
XVenFeb16.102	4.580274319475945
XVenFeb16.1022	3.9567046598793874
XVenFeb16.1026	2.5605248047670197
XVenFeb16.103	7.133726798181907
XVenFeb16.1030	4.8778204645327765
XVenFeb16.1035	3.85399570419369
XVenFeb16.1039	3.4456715048318327
XVenFeb16.104	7.404694903545715
XVenFeb16.1044	4.950257237243992
XVenFeb16.1048	5.600313918112756
XVenFeb16.1056	4.60621678224776
XVenFeb16.1060	5.707408583513259
XVenFeb16.1065	1.2858406677969283
XVenFeb16.1069	3.1328668763876175
XVenFeb16.1075	3.3260200782962612
XVenFeb16.1076	2.371052371604633
XVenFeb16.1082	2.1956773655818185
XVenFeb16.1083	2.5989889024721893
XVenFeb16.1166	5.6063664170991006
XVenFeb16.1194	2.51609271039247
XVenFeb16.1264	1.3332765820965158
XVenFeb16.1265	2.3673922295144423
XVenFeb16.1271	1.3309175154798134
XVenFeb16.1272	2.143229103284298
XVenFeb16.1279	5.003231123085294
XVenFeb16.1284	2.7519319294085105
XVenFeb16.1285	3.5093890298941224
XVenFeb16.1297	1.7452010302444414
XVenFeb16.1311	4.438039274202806
XVenFeb16.1315	3.798770208098275
XVenFeb16.1319	3.9288562733813217
XVenFeb16.1327	3.5088901744899994
XVenFeb16.1331	5.255501939711536
XVenFeb16.1335	3.9548522688468144
XVenFeb16.1343	5.157252871682184
XVenFeb16.1347	2.7299066923371385
XVenFeb16.1351	2.5029168586485935
XVenFeb16.1355	3.8354079295049788
XVenFeb16.1359	3.1871190428285483
XVenFeb16.1363	3.766667507800583
XVenFeb16.1367	4.107999944697114
XVenFeb16.1374	3.0453609167936784
XVenFeb16.1375	5.496504395932719
XVenFeb16.1378	1.2485816777515677
XVenFeb16.1379	4.750377183782503
XVenFeb16.1382	1.471802174284846
XVenFeb16.1383	5.193863392900827
XVenFeb16.1386	3.66542337730413
XVenFeb16.1387	2.8507498897864605
XVenFeb16.1394	5.376159085946112
XVenFeb16.1395	4.5151996029568515
XVenFeb16.1398	2.8246554281599443
XVenFeb16.1399	4.2882708313132545
XVenFeb16.14	2.2434626099222537
XVenFeb16.1402	2.538467517266867
XVenFeb16.1403	5.3711397965106
XVenFeb16.15	2.2854883280027436
XVenFeb16.154	3.316715934215626
XVenFeb16.155	7.750519715521749
XVenFeb16.156	7.9818324696556875
XVenFeb16.160	6.11233578304556
XVenFeb16.162	3.2772435528543964
XVenFeb16.163	7.740194524588241
XVenFeb16.164	7.506517443379272
XVenFeb16.166	3.8899222839827887
XVenFeb16.167	7.532240548347088
XVenFeb16.168	5.84252145506441
XVenFeb16.1682	3.4956829489329784
XVenFeb16.1683	2.998488739762104
XVenFeb16.1689	1.4809714264719267
XVenFeb16.1695	2.7429737517425115
XVenFeb16.1696	4.027724201577179
XVenFeb16.170	2.4223994283138044
XVenFeb16.171	6.632508843211889
XVenFeb16.172	6.824389997997918
XVenFeb16.174	4.3863913591359776
XVenFeb16.176	6.8976715465099385
XVenFeb16.178	1.539727725492456
XVenFeb16.179	6.9886992400215275
XVenFeb16.180	7.346746856016847
XVenFeb16.182	3.9342744894430752
XVenFeb16.183	6.602310659641389
XVenFeb16.184	6.949248535970637
XVenFeb16.186	3.9521043774900604
XVenFeb16.187	6.852999302551606
XVenFeb16.194	3.2180401228997755
XVenFeb16.195	6.819515811779818
XVenFeb16.196	6.867532335392639
XVenFeb16.198	5.401611425684219
XVenFeb16.199	6.104103297915632
XVenFeb16.1999	2.4702982323437093
XVenFeb16.2	1.914601401119613
XVenFeb16.20	2.5120216885286104
XVenFeb16.200	6.220116897227193
XVenFeb16.202	2.143852560902745
XVenFeb16.204	2.39604901172629
XVenFeb16.206	2.649200467557572
XVenFeb16.208	7.1996564139781
XVenFeb16.210	1.635095450656824
XVenFeb16.211	7.2128895734347935
XVenFeb16.212	6.4911211896685925
XVenFeb16.214	4.989106584376007
XVenFeb16.215	7.054416959003637
XVenFeb16.216	7.769760203129114
XVenFeb16.218	4.949777614650732
XVenFeb16.219	7.731938664121671
XVenFeb16.220	7.485193212168744
XVenFeb16.226	2.9531125497897586
XVenFeb16.227	6.908079677182691
XVenFeb16.228	6.737149077871422
XVenFeb16.230	3.7345586389967247
XVenFeb16.231	7.445939923148458
XVenFeb16.232	6.987316431664705
XVenFeb16.234	2.8627917178410804
XVenFeb16.235	6.593095105140632
XVenFeb16.236	7.234264313003022
XVenFeb16.238	2.1234820331952045
XVenFeb16.240	4.980080935068291
XVenFeb16.242	3.6167416632633755
XVenFeb16.243	7.432968686669255
XVenFeb16.244	6.792659686192489
XVenFeb16.246	3.527952298596474
XVenFeb16.247	7.917202825043911
XVenFeb16.248	6.4813528990949525
XVenFeb16.250	2.4740693004826673
XVenFeb16.251	6.7480842217936985
XVenFeb16.252	7.23395109514787
XVenFeb16.261	3.182174370793959
XVenFeb16.262	2.2102307076189347
XVenFeb16.27	1.043420035463613
XVenFeb16.28	3.1649334696455043
XVenFeb16.317	3.564413158305257
XVenFeb16.318	1.5912197585989036
XVenFeb16.326	6.0068588234769225
XVenFeb16.329	4.357503771225831
XVenFeb16.330	6.209105715399275
XVenFeb16.331	6.791833610303433
XVenFeb16.334	3.8107092081594245
XVenFeb16.335	6.643993847163232
XVenFeb16.336	5.129344232622684
XVenFeb16.338	3.160320783481632
XVenFeb16.339	6.70519847620039
XVenFeb16.34	2.157912609127668
XVenFeb16.340	6.6090659099066835
XVenFeb16.345	5.495702076743149
XVenFeb16.347	3.8127934517461126
XVenFeb16.348	6.974098922899398
XVenFeb16.349	5.9944129655658
XVenFeb16.35	2.098222290463028
XVenFeb16.351	3.2399904910301216
XVenFeb16.353	7.799727919620474
XVenFeb16.355	3.338329791847248
XVenFeb16.356	6.401649751374722
XVenFeb16.357	6.859217012524868
XVenFeb16.360	7.861987433276822
XVenFeb16.361	8.081393414398265
XVenFeb16.363	3.9435579029294026
XVenFeb16.364	6.795771473759895
XVenFeb16.365	7.025262824305645
XVenFeb16.367	4.570532993628362
XVenFeb16.369	6.903716794286237
XVenFeb16.371	4.285143357958246
XVenFeb16.372	7.997432209981117
XVenFeb16.373	7.517466250080702
XVenFeb16.375	4.26996157372109
XVenFeb16.376	7.14863982617732
XVenFeb16.377	7.33975995671901
XVenFeb16.379	4.076843111249118
XVenFeb16.385	3.3353585321022017
XVenFeb16.386	6.473574222803644
XVenFeb16.387	7.166874295901226
XVenFeb16.389	3.415173216717731
XVenFeb16.394	1.4045239164558279
XVenFeb16.395	3.251958850088397
XVenFeb16.412	6.676640512310149
XVenFeb16.414	5.165876499171107
XVenFeb16.416	7.45738955525764
XVenFeb16.419	7.259703317874411
XVenFeb16.420	7.018048761487678
XVenFeb16.422	4.086610427096445
XVenFeb16.423	7.251440570127406
XVenFeb16.424	7.4972148157559975
XVenFeb16.427	7.027660399497486
XVenFeb16.43	2.6297536791161207
XVenFeb16.430	5.571940766261116
XVenFeb16.431	6.929591005654612
XVenFeb16.432	6.861559820658208
XVenFeb16.434	2.6597091302726077
XVenFeb16.435	7.500714968937543
XVenFeb16.436	6.6480730394416225
XVenFeb16.438	5.050764857271175
XVenFeb16.439	7.127446784874614
XVenFeb16.440	6.4157949072286025
XVenFeb16.442	4.657242231500114
XVenFeb16.443	6.50936171356248
XVenFeb16.446	4.278558220202332
XVenFeb16.447	6.8170731374406435
XVenFeb16.458	4.621448895336447
XVenFeb16.459	6.376627697809024
XVenFeb16.46	3.723193908465404
XVenFeb16.47	7.018496017847043
XVenFeb16.478	4.552205426446258
XVenFeb16.479	4.811148450522265
XVenFeb16.48	5.937471169996286
XVenFeb16.480	5.052726246389337
XVenFeb16.487	6.078357587573385
XVenFeb16.488	6.079590714030588
XVenFeb16.490	5.2451949683599315
XVenFeb16.492	7.517633202085043
XVenFeb16.494	4.13830103084483
XVenFeb16.496	6.4007856219034815
XVenFeb16.498	2.9095045675807336
XVenFeb16.499	7.176717936639716
XVenFeb16.500	6.400764602198503
XVenFeb16.502	4.274266404559193
XVenFeb16.503	7.483420944635495
XVenFeb16.504	7.878115839158362
XVenFeb16.51	4.602706459778501
XVenFeb16.52	6.597295374264768
XVenFeb16.53	7.2613652788464265
XVenFeb16.549	4.287837701549112
XVenFeb16.550	7.618765593579871
XVenFeb16.551	6.438467889826407
XVenFeb16.553	3.444896103664363
XVenFeb16.555	6.2408290267568365
XVenFeb16.557	3.4905327535118955
XVenFeb16.558	7.053083656939502
XVenFeb16.559	7.158202077529737
XVenFeb16.56	1.762362964084624
XVenFeb16.562	6.9820984900037715
XVenFeb16.563	7.032481900857333
XVenFeb16.565	2.6405438350748733
XVenFeb16.566	7.972411845897571
XVenFeb16.567	6.662638533859634
XVenFeb16.569	2.5428054474979938
XVenFeb16.57	6.702735229009539
XVenFeb16.571	5.56908605265608
XVenFeb16.573	3.574811855585802
XVenFeb16.574	5.7875853846714564
XVenFeb16.575	4.404603501262533
XVenFeb16.578	6.840704786800387
XVenFeb16.579	7.25038817947789
XVenFeb16.58	7.019349427588719
XVenFeb16.582	7.222807731115752
XVenFeb16.583	7.309497910953178
XVenFeb16.585	4.995207764993344
XVenFeb16.587	6.369419115811329
XVenFeb16.589	3.756795887126747
XVenFeb16.590	7.095254688250435
XVenFeb16.591	6.8409163385610325
XVenFeb16.594	4.934994577376763
XVenFeb16.595	6.09216008592382
XVenFeb16.597	5.428220071848194
XVenFeb16.599	5.771850014492693
XVenFeb16.601	4.300739610768461
XVenFeb16.603	4.523947574760216
XVenFeb16.605	4.9684314572017945
XVenFeb16.606	7.029029972095849
XVenFeb16.607	6.793176219864538
XVenFeb16.609	3.874173115874155
XVenFeb16.61	4.995775789403044
XVenFeb16.610	4.700591236898261
XVenFeb16.611	5.764025528804804
XVenFeb16.613	3.420057693646119
XVenFeb16.614	6.954517011036336
XVenFeb16.615	6.741929834710654
XVenFeb16.629	3.9824484218366103
XVenFeb16.63	6.836668390817143
XVenFeb16.634	3.83955920175135
XVenFeb16.635	5.872076993099599
XVenFeb16.636	5.144887198132388
XVenFeb16.639	5.6898868067298505
XVenFeb16.640	5.470559564133734
XVenFeb16.642	4.3900197502619065
XVenFeb16.643	7.448765755513191
XVenFeb16.644	6.7507240093052525
XVenFeb16.647	4.257328877067584
XVenFeb16.649	6.319997454846463
XVenFeb16.65	3.452525924075115
XVenFeb16.651	3.0688411335916452
XVenFeb16.652	6.233497878735132
XVenFeb16.653	6.662715974431626
XVenFeb16.66	6.937262592406249
XVenFeb16.664	4.667019709421783
XVenFeb16.668	4.524630362476208
XVenFeb16.67	6.420502977510351
XVenFeb16.672	2.1050488364452256
XVenFeb16.676	2.799619709799603
XVenFeb16.680	5.035188152616114
XVenFeb16.69	5.305279023732477
XVenFeb16.70	7.139831123035612
XVenFeb16.702	5.320469963277766
XVenFeb16.706	3.6007765471694873
XVenFeb16.71	7.039771538239511
XVenFeb16.715	2.387679113847137
XVenFeb16.719	5.572855105654979
XVenFeb16.723	3.4437640133739422
XVenFeb16.727	3.4223255494015956
XVenFeb16.731	1.9957691956826578
XVenFeb16.735	2.295597562526975
XVenFeb16.739	2.188879638359176
XVenFeb16.74	4.832471654502049
XVenFeb16.75	7.732848405847887
XVenFeb16.751	4.285836747385782
XVenFeb16.756	4.154061703397226
XVenFeb16.76	7.848697460145528
XVenFeb16.760	3.163761932858645
XVenFeb16.764	4.745408477830312
XVenFeb16.768	4.643211949685706
XVenFeb16.772	4.68436765416052
XVenFeb16.776	5.707657434641097
XVenFeb16.784	1.3368216242247328
XVenFeb16.788	5.390081559750597
XVenFeb16.792	2.3005956521799575
XVenFeb16.796	4.615375249351227
XVenFeb16.8	1.8396107585709434
XVenFeb16.80	6.785927999724882
XVenFeb16.800	3.7699186004815113
XVenFeb16.804	3.5620248663067158
XVenFeb16.808	2.549583288320351
XVenFeb16.816	4.075417892002345
XVenFeb16.82	4.458844909662904
XVenFeb16.820	2.4411263704166073
XVenFeb16.824	3.4429795759461967
XVenFeb16.828	2.7084032766730783
XVenFeb16.83	6.98345805942134
XVenFeb16.833	2.407713523887764
XVenFeb16.837	2.867024101170798
XVenFeb16.84	7.500812614071268
XVenFeb16.841	4.575578819978199
XVenFeb16.849	3.5084077563650236
XVenFeb16.853	4.269177433059403
XVenFeb16.858	4.253213309481473
XVenFeb16.86	4.882908250851586
XVenFeb16.862	4.129697121171164
XVenFeb16.866	3.0856929622554827
XVenFeb16.87	7.2549642351205765
XVenFeb16.870	4.231928935954378
XVenFeb16.874	1.762102075513239
XVenFeb16.88	8.456565874941049
XVenFeb16.882	3.58794067754355
XVenFeb16.887	4.359720011354717
XVenFeb16.891	5.532764053631528
XVenFeb16.895	4.783721825995081
XVenFeb16.899	3.8225251843652375
XVenFeb16.9	2.5079142620818904
XVenFeb16.90	3.9769997430726676
XVenFeb16.91	7.045062678100189
XVenFeb16.92	7.34518056400586
XVenFeb16.94	3.3832895946765436
XVenFeb16.96	7.84019296996221
XVenFeb16.98	3.5496323670025047
XVenFeb16.99	8.150194727474426
X15.158	3.028579448899833
X15.205	1.0410876223615537
X15.21	0.03521764255318603
X15.254	2.720390496281912
X15.337	4.531324616518029
X15.344	2.6650413477133914
X15.373	0.5693359286094397
X15.407	2.2379310227351517
X15.430	4.086961024932294
X15.456	4.154127821594103
X15.465	4.450384061432241
X15.476	1.1354112111444141
X15.491	0.4088447990739995
X15.66	0.27390876392817065
X15.741	1.5398957519454535
X15.770	3.24882245001287
X15.775	3.8972318004095317
X15.864	0.019912394787259924
X15.97	3.7943320160529157
XVenFeb16.1010	6.810004941891523
XVenFeb16.1015	6.511337145057771
XVenFeb16.1016	0.6371965190194253
XVenFeb16.1020	7.726242833615262
XVenFeb16.1027	6.413998970326898
XVenFeb16.1033	3.785263850555615
XVenFeb16.1041	2.170604167188681
XVenFeb16.1042	1.47491446071076
XVenFeb16.1046	4.502666491941835
XVenFeb16.1050	6.147744745803526
XVenFeb16.1053	5.961448907293634
XVenFeb16.1057	6.724392797019195
XVenFeb16.1058	6.776371001439541
XVenFeb16.1061	6.321961726334754
XVenFeb16.1062	5.6900019690549435
XVenFeb16.1063	4.790646047188075
XVenFeb16.1066	6.252652962910719
XVenFeb16.1067	5.435163767819106
XVenFeb16.1085	4.414158734155913
XVenFeb16.1191	3.531873719004986
XVenFeb16.1266	5.846264282623406
XVenFeb16.1275	0.8068237145069965
XVenFeb16.1280	6.083405334626952
XVenFeb16.1298	7.218459208507779
XVenFeb16.1301	5.93466234428489
XVenFeb16.1305	5.684999335680876
XVenFeb16.1317	6.2005521403914905
XVenFeb16.1324	5.288057794590785
XVenFeb16.1325	3.5923803387041175
XVenFeb16.1328	6.087316369662615
XVenFeb16.1329	6.6118615915074805
XVenFeb16.1333	6.0122414520484915
XVenFeb16.1341	6.908260373919892
XVenFeb16.1348	5.3647250637039585
XVenFeb16.1349	6.497312658850968
XVenFeb16.1357	3.3781188295323177
XVenFeb16.1360	5.4329618583287225
XVenFeb16.1361	6.424222154503845
XVenFeb16.1365	4.135553994267178
XVenFeb16.1369	5.195190073812561
XVenFeb16.1372	6.867951791644359
XVenFeb16.1373	6.577259760891695
XVenFeb16.1380	6.5669277885692265
XVenFeb16.1381	6.391036488147513
XVenFeb16.1384	5.471418748222603
XVenFeb16.1385	4.917919943181611
XVenFeb16.1389	5.770895323904115
XVenFeb16.1396	6.6715322908670265
XVenFeb16.1397	6.302496662952743
XVenFeb16.1401	4.909813834937724
XVenFeb16.1404	6.385153693995832
XVenFeb16.1684	6.1173120341734135
XVenFeb16.1691	6.611316123661005
XVenFeb16.1697	5.133494376476569
XVenFeb16.31	0.028716978488220413
XVenFeb16.332	0.29271412692945303
XVenFeb16.341	1.438427995817133
XVenFeb16.380	4.283501637718559
XVenFeb16.44	4.764684078580998
XVenFeb16.49	3.8418376144131847
XVenFeb16.54	3.1286862240949955
XVenFeb16.59	1.7476874352189664
XVenFeb16.632	2.3091152629080667
XVenFeb16.656	6.122040113305873
XVenFeb16.661	5.656748270533231
XVenFeb16.673	6.488736459127809
XVenFeb16.709	1.4172951907589768
XVenFeb16.72	0.7120225339853706
XVenFeb16.729	4.09429655291666
XVenFeb16.732	6.3916148808471585
XVenFeb16.733	6.266280106935514
XVenFeb16.754	3.6934539642895854
XVenFeb16.766	3.490615569833412
XVenFeb16.774	5.793433483483986
XVenFeb16.789	3.4548151761912926
XVenFeb16.790	3.0018417276874563
XVenFeb16.805	6.344170629379603
XVenFeb16.810	5.409017724533065
XVenFeb16.814	6.545324040162669
XVenFeb16.817	5.334372336179963
XVenFeb16.818	4.683894977781006
XVenFeb16.822	4.886168928700156
XVenFeb16.826	6.018377838508629
XVenFeb16.831	2.044172352936286
XVenFeb16.843	6.229783610926985
XVenFeb16.860	6.281607518882924
XVenFeb16.876	5.442921036332362
XVenFeb16.880	5.725531593007626
XVenFeb16.884	6.323097788298002
XVenFeb16.885	2.264390316097121
XVenFeb16.897	6.010650273963879
X15.100	1.8218617058283262
X15.1000	6.078738211239787
X15.101	3.403513225325499
X15.104	3.985899187020028
X15.106	1.5068468557518597
X15.107	3.1028014968766713
X15.1088	4.4795944743733935
X15.1089	5.627291491974378
X15.1090	5.562864387928505
X15.1098	5.195590964309098
X15.1099	6.195885767071808
X15.110	3.9716194900433086
X15.1100	6.6169147181792995
X15.1101	3.6120548506302352
X15.1105	3.350101866980149
X15.1109	2.4280696526042167
X15.1113	2.9956884681559366
X15.1117	2.4418499914149674
X15.112	1.26979480651242
X15.1121	3.5019180224675726
X15.1125	2.3072607970616943
X15.1129	3.524685665317331
X15.113	3.291228402972303
X15.1133	2.513852940466336
X15.1137	3.1596341762065183
X15.1141	4.697241911420811
X15.1145	2.227606569158656
X15.1149	3.0150743594566256
X15.1153	3.207291339600561
X15.1157	3.903901696465198
X15.1161	3.3145974675232113
X15.1165	4.450656509261388
X15.1169	2.125408935464929
X15.1173	2.816065058170773
X15.118	1.3770643501924356
X15.1185	3.816910559793547
X15.119	3.7645214725935894
X15.1193	2.7829550566586194
X15.1197	2.0557374954137133
X15.1219	2.9500567827208846
X15.1223	2.756496567863305
X15.123	7.047857657443255
X15.125	2.5097695546001058
X15.1267	4.061981517457399
X15.128	5.834538768910151
X15.1301	4.858404020876461
X15.1305	4.018758761709284
X15.1309	3.063657862384543
X15.131	2.874353953621059
X15.1313	4.054740718920771
X15.1317	3.64601610725128
X15.1321	3.6013843288718372
X15.1325	3.1547910095301743
X15.1329	4.984914493107735
X15.1333	4.073725255497832
X15.1337	5.9972912254609705
X15.134	6.402718061893158
X15.1341	2.2974779924589654
X15.1345	2.3361730238331857
X15.1349	3.8110047222719334
X15.1353	4.948839328000941
X15.1357	5.556088506669917
X15.136	5.738829358487714
X15.1369	2.9552127769575973
X15.1373	3.379201678273371
X15.1377	3.1310348893903366
X15.1381	3.0706230238902954
X15.1389	2.6611655397871887
X15.1393	4.59365587036694
X15.1397	0.6060366806280632
X15.140	5.035944116014333
X15.142	5.402066148484683
X15.144	3.2480235471548236
X15.146	5.141923957258584
X15.149	3.455032188134998
X15.155	3.0561356512622226
X15.159	3.0766972306373916
X15.160	3.981204858765309
X15.163	6.243676691283769
X15.166	2.821255900110605
X15.170	4.100054921863837
X15.173	6.00115572677732
X15.174	3.3136659085421463
X15.177	4.563786617466944
X15.178	3.140702337091704
X15.181	4.9183266191523645
X15.183	4.536552597240901
X15.184	4.1085768972650785
X15.188	4.961179766468514
X15.190	3.075504302654166
X15.194	4.8815575966945275
X15.195	2.413991213368632
X15.196	1.0130279574840109
X15.202	6.681613600801121
X15.206	4.544532051001162
X15.208	3.3952045183457975
X15.209	2.4192976355441136
X15.212	6.250653074414744
X15.214	2.78778437343238
X15.215	4.765069665083062
X15.218	5.437511524776835
X15.220	2.720455549817387
X15.221	4.035591679934798
X15.224	6.6310151448538335
X15.226	1.336310999704053
X15.227	3.863072136129475
X15.231	4.887683921099079
X15.232	4.227366498836887
X15.233	4.104834000154017
X15.236	5.358350475218327
X15.243	2.4738742908166618
X15.244	2.1741089872238804
X15.245	2.1306015206756204
X15.248	6.257323586563131
X15.251	3.6804057924597546
X15.256	5.175294262059431
X15.258	4.821213987083706
X15.261	5.537876551264957
X15.263	4.403635639713364
X15.264	2.3526263440668664
X15.267	4.975326868715711
X15.269	3.646283030630289
X15.270	2.9270581356827563
X15.275	6.226433161085296
X15.277	3.3900389767904957
X15.281	7.0753610394155535
X15.282	6.8740009968264415
X15.283	2.7259864764951627
X15.286	5.4404157135130555
X15.289	3.6069138418118936
X15.293	4.281904765870039
X15.295	4.966377915557123
X15.297	6.001560137506586
X15.301	6.217964430755426
X15.303	5.704474072686725
X15.304	6.247180879496326
X15.308	4.89415942948969
X15.311	4.9867501638890035
X15.314	5.2108419072236165
X15.317	5.668817907928388
X15.320	5.163136684865311
X15.322	4.412921544435806
X15.325	5.238341636214565
X15.327	4.369077886072968
X15.33	2.8564785198561347
X15.330	3.5814497328881147
X15.334	2.912004070389543
X15.338	5.958478315547535
X15.340	3.244753568582675
X15.341	3.7647041924483426
X15.345	1.338413163848926
X15.346	4.063753117257118
X15.351	2.5556684111601657
X15.352	2.0535891187732713
X15.357	3.161131644328936
X15.358	2.651434991724999
X15.361	0.8454508545863187
X15.362	5.401213412136647
X15.366	4.04690345830261
X15.369	2.045189656399123
X15.378	3.116287023849606
X15.379	3.159055871457781
X15.38	3.9621250266257695
X15.387	3.635771245423469
X15.39	3.358235228594835
X15.391	1.0490778239894378
X15.392	4.59591844563875
X15.395	3.965672604510969
X15.396	5.076850336346252
X15.399	1.7340962101824153
X15.400	1.530500132027155
X15.404	3.0379293950310573
X15.409	3.4912827047324204
X15.412	6.140501514668377
X15.414	1.9602354284017462
X15.415	2.1685079044360185
X15.418	3.846761404168092
X15.42	5.617255353520783
X15.420	2.1407644786620765
X15.421	5.265124328826797
X15.424	5.665690533763579
X15.426	3.1765992769199096
X15.433	2.004186315129188
X15.434	5.420517850645048
X15.440	6.556400385807068
X15.446	5.76222318678454
X15.448	4.963384127648394
X15.45	4.133492572139704
X15.450	4.742288893726338
X15.452	3.963467699659545
X15.453	4.197477053455349
X15.457	4.626342600589145
X15.458	3.6525350226305413
X15.462	4.609460543179829
X15.466	2.6355076248524636
X15.467	0.834637234875997
X15.470	3.394345337068405
X15.472	7.016714879654743
X15.473	2.657490498489315
X15.477	2.6746214013144023
X15.478	3.730593292188671
X15.483	1.3902678105494972
X15.484	4.218069019635702
X15.49	4.543197977049283
X15.50	6.4578675197188105
X15.505	3.4290518575312534
X15.506	4.189899125963166
X15.51	3.6641312689057934
X15.510	6.007498244213958
X15.511	2.8431764848062993
X15.512	3.659111835671607
X15.517	2.34784197561624
X15.518	4.065740089016793
X15.524	4.929472813750455
X15.529	2.963322033425663
X15.530	4.041229865961385
X15.533	6.426850257900481
X15.535	1.6028785217848185
X15.539	5.431943483964053
X15.548	4.85594165847945
X15.55	4.371402338860195
X15.553	7.04501598695421
X15.555	6.4645842091580485
X15.557	4.936919517708039
X15.559	4.868068386314617
X15.56	2.928587928428818
X15.563	6.421097312979937
X15.565	5.893360836987652
X15.569	4.332715725415559
X15.57	2.611198544757155
X15.584	5.75096808783851
X15.585	5.785223073626027
X15.587	6.229492370369925
X15.595	3.6212153807744207
X15.596	2.7598371500901524
X15.601	3.736232070779598
X15.602	5.011606049767803
X15.607	2.8701710704914745
X15.608	5.064721621313158
X15.61	5.165888339893565
X15.611	6.821144256297026
X15.614	5.602616017169655
X15.617	5.964091091540025
X15.619	2.5615319229415654
X15.62	2.8444334203462662
X15.620	5.021596321721736
X15.623	5.799594183294175
X15.625	2.699652990528868
X15.626	5.256641958852876
X15.629	6.567121090917991
X15.63	3.8318449436676314
X15.632	4.513699989648317
X15.635	6.008790838491202
X15.637	2.5901388589213052
X15.638	4.674560783373129
X15.641	6.420277019445834
X15.643	1.6933218874485372
X15.644	3.907951754783197
X15.647	7.114841948495907
X15.649	0.8389029642198365
X15.650	4.698630685782949
X15.653	5.5604438362382815
X15.655	2.815074346640427
X15.656	4.2201406739109295
X15.660	6.818198827453453
X15.662	2.450688384871916
X15.663	1.6329256592761288
X15.666	2.934993232915268
X15.672	5.631489529829962
X15.674	2.371825140464855
X15.675	4.805568389481656
X15.678	4.614607563796053
X15.68	5.013415109325885
X15.680	2.0439994634947194
X15.681	3.1675570862856466
X15.686	2.22869737678129
X15.687	6.1543728750136815
X15.69	4.942560318476451
X15.690	6.698456730271636
X15.70	3.7232874381516408
X15.701	3.2063384452621784
X15.705	4.487244165543388
X15.709	4.057171829981704
X15.713	1.5084894272528413
X15.717	4.1801659601217835
X15.721	2.684784458679393
X15.725	1.2321899157127656
X15.73	4.115534759834098
X15.733	4.785786788288952
X15.737	2.1622258754465054
X15.742	3.2624105419716956
X15.746	2.441775519142043
X15.75	5.769653514735843
X15.750	2.1114208090672433
X15.754	5.791631223137915
X15.758	3.7231276834751745
X15.76	3.722485862464008
X15.766	2.49040666153025
X15.771	4.605832379733343
X15.776	3.1951913647561887
X15.784	5.1469313791332585
X15.788	2.527437571210443
X15.796	6.841029368643762
X15.80	6.191898292943498
X15.808	2.211467804362712
X15.816	2.702131000138827
X15.82	3.8293646161248374
X15.820	4.021151923731344
X15.824	2.463383578812364
X15.829	5.54323060421081
X15.830	1.5653796144715753
X15.834	5.5369736858840035
X15.836	3.8486598431088437
X15.840	0.786796444630156
X15.844	1.4597096771637565
X15.87	1.5206264211920892
X15.871	5.624264868347513
X15.872	6.863356573839484
X15.873	6.106570459966614
X15.874	5.586694210069571
X15.875	6.624328831975072
X15.876	5.1318239592694495
X15.877	6.729502019155327
X15.88	3.6237424493440837
X15.881	6.827602492703603
X15.882	6.647576822779366
X15.883	5.573893817139604
X15.884	6.853140965708724
X15.885	4.951815430945327
X15.886	5.188095249903816
X15.887	4.4201115251817695
X15.888	4.5403320378210195
X15.889	4.603799872362706
X15.890	6.4939303080854085
X15.891	5.928989836316185
X15.892	5.2941318674960725
X15.893	4.917142369621258
X15.894	6.406515791975075
X15.895	4.757276473008073
X15.896	6.2182888268140895
X15.897	6.085443893635275
X15.898	6.261561390829997
X15.899	6.350657251245463
X15.900	5.701437800890364
X15.925	2.353398416838775
X15.93	4.651379992648187
X15.931	6.27793977528342
X15.932	5.837271009101991
X15.933	5.117018103349837
X15.935	3.5495911044652035
X15.936	3.6878853596071983
X15.937	4.6652620325097045
X15.94	4.920459298199456
X15.941	6.954749214919154
X15.942	5.2512125335885225
X15.943	5.434851323644109
X15.944	6.693151044110511
X15.945	5.732233273689166
X15.946	5.405870029286466
X15.947	2.8674964209108222
X15.951	5.127272696058482
X15.952	4.525300281728995
X15.953	6.585047859047092
X15.954	6.107537561493507
X15.955	6.29496911732849
X15.956	4.717142936482682
X15.961	6.769565736069787
X15.962	5.249173297984014
X15.963	6.72070869736679
X15.964	5.337387649072347
X15.965	5.9172517952418575
X15.966	4.135775590686347
X15.974	4.562237081102206
X15.976	4.455889728950542
X15.977	4.080476648565765
X15.979	5.266955615037147
X15.981	6.43541645198262
X15.982	5.62166068296034
X15.983	6.723320594380239
X15.984	6.185812511851398
X15.986	5.928500172204393
X15.987	6.331180418458014
X15.988	6.416631385391905
X15.99	5.263300337660641
X15.991	6.245948567753109
X15.992	5.301096004144546
X15.993	6.162450588058915
X15.994	4.476218056035087
X15.995	5.444743223546204
X15.996	5.73507702032968
X15.997	3.955157392317459
X15.998	5.835439278197342
XDNA.Neg37	5.266341704166963
X15.102	6.763218679018323
X15.103	7.425303258534069
X15.1059	6.527459685935365
X15.1060	6.684454065374494
X15.1066	6.162829449249539
X15.1067	6.457475159082353
X15.108	7.203047136514098
X15.109	7.363517794978136
X15.1102	4.071341151799816
X15.1103	8.253272293709715
X15.1104	6.638432683710241
X15.1106	4.773866433928705
X15.1107	6.978618977873039
X15.1108	7.018715477862545
X15.1110	4.850627025601264
X15.1111	6.8288425933003
X15.1112	6.246554358785302
X15.1114	3.3184938374842834
X15.1115	5.763651772207333
X15.1116	5.35871761290597
X15.1118	4.87059988925116
X15.1119	6.75521690441438
X15.1120	6.843408762017661
X15.1122	4.691391348865408
X15.1123	7.001532246636913
X15.1124	7.349367581915409
X15.1126	4.735422889862965
X15.1127	6.879316338277302
X15.1128	6.234298744289444
X15.1130	3.802384596683715
X15.1131	6.990695607669492
X15.1132	6.319862560804144
X15.1134	4.505534671956192
X15.1135	6.659721334055061
X15.1136	5.9840928794648525
X15.1138	4.088218324661476
X15.1139	5.4480481828706795
X15.114	8.185376789985543
X15.1140	5.24241649265712
X15.1142	4.208377759872199
X15.1143	6.46147108036292
X15.1144	6.302706479180916
X15.1146	4.722819998411864
X15.1147	6.558277172719297
X15.1148	5.347965602172941
X15.115	7.713438520899438
X15.1150	4.314135089857204
X15.1151	5.584072620149229
X15.1152	6.390881357689759
X15.1154	4.274101327391118
X15.1155	5.46381350872576
X15.1156	6.610442997236142
X15.1158	5.589727541475056
X15.1159	6.016023482037692
X15.1160	5.27442392444523
X15.1162	5.540031492592542
X15.1163	6.933782753726661
X15.1164	6.944546659203406
X15.1166	5.812763742943514
X15.1167	7.66854026404524
X15.1168	5.306502305532668
X15.1170	1.7316122799847473
X15.1171	6.5859675868789
X15.1172	6.337577162054088
X15.1174	3.5474830561106203
X15.1175	6.573274640516737
X15.1176	6.201348009658373
X15.1178	3.9624164228416077
X15.1179	6.677302455962788
X15.1180	6.927659221670601
X15.1182	4.215677558434102
X15.1183	5.964246893897883
X15.1184	5.93447082249297
X15.1186	3.7101146384076182
X15.1187	3.937621320179371
X15.1188	5.463897853225504
X15.1190	3.9444043948935015
X15.1191	6.642870702177322
X15.1192	6.76254614005309
X15.1194	3.8479030284841307
X15.1195	5.39247120751195
X15.1196	6.465404743045634
X15.1198	4.831444652496478
X15.1199	5.5692888323152845
X15.120	7.478386880914297
X15.1200	5.71370239391207
X15.121	7.4361098838500705
X15.1220	3.8559315187159333
X15.1221	6.236763853081125
X15.1222	5.663890429457136
X15.1224	4.926728810125973
X15.1225	5.745271919683992
X15.1226	7.251940081335688
X15.1233	5.890120851744832
X15.1234	6.80996762853562
X15.1237	6.050522686986577
X15.1238	7.664297678353411
X15.1243	5.54730294655991
X15.1244	4.904289913527377
X15.1249	6.681339127632474
X15.1250	7.052964715385652
X15.1259	6.8969341661014045
X15.126	7.572222910726735
X15.1260	7.554188897670149
X15.1268	4.195202342097345
X15.1269	6.901961405218149
X15.127	7.137177343975079
X15.1270	6.044965275662915
X15.1271	7.060446470637478
X15.1272	7.278607505777257
X15.1275	7.0783009751732875
X15.1276	8.211563427398197
X15.1302	4.494461623783031
X15.1303	6.176739011635252
X15.1304	6.546596097414253
X15.1306	3.8654639177801857
X15.1307	5.988688226631228
X15.1308	5.610935038258045
X15.1310	4.648157640774045
X15.1311	5.516643294436481
X15.1312	6.258897718170572
X15.1314	5.064380393471062
X15.1315	6.020189467997529
X15.1316	6.33457278197401
X15.1318	4.638195409998498
X15.1319	6.6525084921925455
X15.132	7.575989720310867
X15.1320	6.374724062957188
X15.1322	5.353306500282829
X15.1323	6.120837680112996
X15.1324	5.901429446045606
X15.1326	4.610354600072596
X15.1327	5.919070393201591
X15.1328	5.845842318860274
X15.133	8.147707445272742
X15.1330	4.811843526578677
X15.1331	6.451691435868131
X15.1332	6.727360141171907
X15.1334	3.6075124900188444
X15.1336	6.248594571686943
X15.1338	4.528872947581476
X15.1339	7.833075560334439
X15.1340	6.3778889357027575
X15.1342	5.386469785312226
X15.1343	6.969806170366234
X15.1344	6.750273275494967
X15.1346	3.6125429528930684
X15.1347	6.8932469767973785
X15.1348	6.657607145686903
X15.1350	2.7576031004389305
X15.1351	6.674115708478687
X15.1352	6.337419277629577
X15.1354	3.953980268367424
X15.1355	5.818605079304763
X15.1356	6.761642325087519
X15.1358	4.469591676428163
X15.1359	6.811322638794711
X15.1360	6.78725659738601
X15.1366	4.846432689685686
X15.1367	6.883947001149061
X15.1368	6.666977926659209
X15.1370	3.504528845147978
X15.1371	6.00649678143949
X15.1372	6.551246520114814
X15.1374	2.1040323100644702
X15.1375	6.615071413275449
X15.1376	6.828055569638228
X15.1378	5.155270749727594
X15.1379	6.859297924835212
X15.1380	6.586003485406575
X15.1382	3.8926433264274802
X15.1383	6.895550201430876
X15.1384	6.604383096223432
X15.1386	4.261656406131536
X15.1387	6.564966183142178
X15.1390	4.450494299276023
X15.1391	6.7387323364556835
X15.1392	6.014662396901443
X15.1394	3.1764490500524176
X15.1395	6.294387781248664
X15.1396	6.231180028494961
X15.1398	4.148015692434034
X15.1399	6.639567929470193
X15.14	7.356560391022068
X15.1400	5.698362540919231
X15.152	6.556127850913166
X15.156	6.236171622325411
X15.157	6.53851952372431
X15.161	6.7280757850234965
X15.162	7.482661916398003
X15.167	8.47873185896192
X15.168	7.709116817455531
X15.171	6.691875224519245
X15.172	6.983097032727519
X15.175	7.076220064626624
X15.176	8.117515592681727
X15.179	6.620653190632449
X15.180	6.987832487557668
X15.185	5.529932394775771
X15.186	6.376486500705368
X15.19	7.868627148738791
X15.191	7.312227403986209
X15.192	7.254734093096764
X15.197	5.80548185106894
X15.198	4.290448353246527
X15.204	6.9515897449509625
X15.210	7.3362763452847615
X15.211	7.044282843234764
X15.216	7.623555563982682
X15.217	7.954388648271138
X15.222	7.034147504814545
X15.223	7.426108563279521
X15.228	8.031251145864697
X15.229	6.689491751356415
X15.234	6.4953289227705975
X15.235	6.4243430110577835
X15.24	7.731794545017319
X15.240	6.726293023982573
X15.241	6.412516549378508
X15.246	7.366937481984567
X15.247	6.636754033564669
X15.25	7.190566786658881
X15.252	6.7375418252574795
X15.253	5.970589146196473
X15.259	6.4569503478561545
X15.260	5.405784149259907
X15.265	7.432398522248333
X15.266	7.544824110603812
X15.271	5.473235231751462
X15.272	5.700933891998551
X15.278	7.381148885927367
X15.279	7.536597076334539
X15.284	7.583460787921191
X15.285	7.663297153247005
X15.290	7.267636820838884
X15.291	7.708212550448837
X15.30	6.453230250892995
X15.31	5.350719003443186
X15.331	6.6353635151946975
X15.332	7.179676071920313
X15.335	7.186843914627014
X15.336	7.032610541165323
X15.34	7.857650510264393
X15.342	6.646200053134711
X15.343	6.993595900365279
X15.347	7.418717760344372
X15.348	7.486783262452924
X15.35	7.970518928814259
X15.353	5.852757286196005
X15.354	3.1327669573554733
X15.359	6.935379019139542
X15.360	6.599742131487947
X15.364	6.520616521325944
X15.367	5.294146924792874
X15.368	6.045618476835938
X15.371	5.542543655518806
X15.372	5.670083846041956
X15.380	6.389436421992972
X15.381	5.910910262729446
X15.384	5.670691001706459
X15.385	6.255831958854017
X15.389	6.691838220108823
X15.390	7.575120808564766
X15.393	6.597831082842395
X15.394	6.343563861632799
X15.397	7.199403723754291
X15.398	6.033395589525463
X15.40	7.964919766057387
X15.401	6.291574738731869
X15.402	5.465630230028553
X15.405	6.850498963396997
X15.406	7.195127048312843
X15.41	6.555174353686078
X15.410	6.813253820091977
X15.411	6.7039659382627095
X15.416	6.877971539312325
X15.417	7.309260327316456
X15.422	6.810067708992783
X15.423	6.537051792990674
X15.428	7.303475124896638
X15.429	7.443134315822141
X15.435	7.101560748141354
X15.436	6.857147000672632
X15.443	7.6715259495493315
X15.444	6.236744644706135
X15.454	6.322404115567564
X15.455	4.933609416996525
X15.459	6.856061358784778
X15.46	7.088062961070108
X15.460	5.83016988411804
X15.463	6.759743453599397
X15.464	6.771467225462137
X15.468	5.035431043424868
X15.469	6.280639730793661
X15.47	7.208302179414805
X15.474	6.158104105644666
X15.475	6.5855250089290776
X15.479	5.287162726573208
X15.480	7.04043615563095
X15.485	6.69211247913966
X15.486	5.766204016710114
X15.497	5.252244960879385
X15.503	5.387237164686564
X15.504	6.3863573631118955
X15.507	7.2433690767349095
X15.508	6.934277244361232
X15.513	6.720499482592833
X15.514	6.334407827862013
X15.519	7.297086742405948
X15.52	7.544934212691581
X15.520	5.2011613357802196
X15.525	7.381358968615042
X15.526	6.0543247485441
X15.53	7.444316915125452
X15.531	7.631014971344605
X15.532	6.947997705178954
X15.537	7.578507675150986
X15.538	7.1434800590549745
X15.549	6.9155061645577325
X15.575	5.449833511089448
X15.576	5.997093719484187
X15.579	4.686972923415288
X15.58	8.275779314335637
X15.580	4.647707441584755
X15.581	5.263526741540897
X15.582	6.3797167127591425
X15.593	6.3417108767450125
X15.594	6.9846072427435795
X15.597	6.104532527159125
X15.598	6.091008039263852
X15.603	6.229615834467824
X15.604	5.591749327171515
X15.609	6.077762286771424
X15.610	6.583413300641379
X15.615	6.675350704280778
X15.616	6.528472037665679
X15.621	6.228125860324243
X15.622	5.818186507564194
X15.627	6.264414498466623
X15.628	6.048443553335612
X15.633	5.909913028470062
X15.634	4.173454144855692
X15.639	6.276467246761538
X15.64	6.8246318887740385
X15.640	5.818054073640631
X15.645	5.633267476206367
X15.646	5.608689637406105
X15.65	4.526408720730082
X15.651	6.92460453646056
X15.652	4.339748779843402
X15.657	3.8200899708295126
X15.658	5.80862011481048
X15.664	5.4849163751962875
X15.665	5.44945304096248
X15.670	6.397853107566316
X15.671	5.875404769879572
X15.676	5.898027034169209
X15.677	6.417493080387786
X15.682	6.546598050865393
X15.683	6.867242005507192
X15.688	6.4834028118303335
X15.689	5.906253987843256
X15.694	6.541242275403507
X15.695	4.790425871537625
X15.702	3.893036480617869
X15.703	7.15477499230264
X15.704	4.577415044169963
X15.706	4.882161208283598
X15.707	5.657549060852067
X15.708	5.887611783898137
X15.71	6.138989701740816
X15.710	5.5449628167243725
X15.711	8.164063989363925
X15.712	7.161607379031162
X15.714	4.378694227000425
X15.715	5.3425236153506175
X15.716	5.8969038618866785
X15.718	4.790387543164502
X15.719	6.5475705067237895
X15.72	7.438269167237821
X15.720	5.882305320127596
X15.722	4.404609086747161
X15.723	6.4116940405814
X15.724	6.674019658562977
X15.726	5.615484698921519
X15.727	7.608330377279347
X15.728	7.637838634053503
X15.730	3.271120876232823
X15.731	7.276661682177339
X15.734	4.14769872320538
X15.735	5.86140815977689
X15.736	5.19963475018565
X15.738	2.5698451519379697
X15.739	6.841852504916041
X15.740	4.287892593652945
X15.743	4.286576591749057
X15.747	5.214050248096731
X15.748	7.6962396223286635
X15.749	6.845350840582438
X15.751	3.4024954311018494
X15.752	7.019509651755307
X15.753	6.005627361425655
X15.755	5.130271001476854
X15.756	7.1929136768914335
X15.757	6.373848733906882
X15.759	5.965643671667254
X15.760	7.009269923561667
X15.761	6.335009855994805
X15.763	3.608762794103456
X15.764	7.200136561383541
X15.765	6.82342894181583
X15.767	4.331895469626998
X15.768	6.932284897774002
X15.769	6.243737993436239
X15.77	7.229278346901838
X15.774	7.029107903333021
X15.777	4.388151760823888
X15.778	6.567328340529802
X15.779	5.849512605004012
X15.78	7.716238904462373
X15.781	1.957585211120756
X15.782	6.935293185297686
X15.783	5.896409339532196
X15.785	4.3018319830190865
X15.787	6.224885395897751
X15.789	6.168137713486263
X15.790	7.185424561704005
X15.791	7.027968872479078
X15.798	5.381295799935061
X15.799	6.662541217195931
X15.800	5.979878434356897
X15.809	3.9686170139953294
X15.810	7.619306165227565
X15.811	8.265446049879246
X15.813	2.2648812549503767
X15.814	6.352427943517491
X15.815	5.982139102763271
X15.817	3.017288097746281
X15.818	6.919732702644508
X15.821	2.9923956086096393
X15.822	7.828959626097167
X15.823	8.134378860947653
X15.825	3.876985139735177
X15.826	8.368563598597351
X15.827	8.052898863871686
X15.83	8.05725637801927
X15.831	2.530851404744996
X15.833	6.156579479791962
X15.837	3.558231706623686
X15.838	4.942772896640951
X15.839	6.9712514092532825
X15.84	7.36890512111174
X15.841	3.5810116974765496
X15.842	7.154604430438243
X15.843	7.371188861962159
X15.845	1.1922319218029032
X15.846	4.247122083052386
X15.847	6.614274213487176
X15.854	7.293962544763426
X15.855	7.124147219440829
X15.862	6.631487843381548
X15.863	6.996177656737033
X15.869	5.518354180340183
X15.870	4.314523519994417
X15.89	8.139528766900149
X15.90	7.759351768165269
X15.903	6.2583529261756
X15.904	6.348535314629374
X15.907	6.32170741136524
X15.908	7.628746728518162
X15.923	6.589109554566078
X15.924	6.21935208937335
X15.926	5.670925050365448
X15.927	7.392299440648289
X15.928	7.150197733000216
X15.938	4.187540039358743
X15.939	6.509272989503438
X15.948	4.552750489337675
X15.949	6.07490618431989
X15.95	8.31080192697205
X15.950	6.6429098438496235
X15.96	8.015405212927332
X15-1047	4.302828749853586
X15-1048	2.598849489575095
X15-1049	5.236963263407347
X15-1051	5.607701503223901
X15-1052	4.686155565401482
X15-1701	3.6973195273348907
X15-1702	4.48386246960272
X15-1704	3.961214879226212
X15-1707	2.4762584319284335
X15-1708	2.4917350678896892
X15-1709	1.5199110459551468
X15-1712	5.326947444736008
X15-1713	4.832127927113791
X15-1714	4.360369655504716
X15-1717	5.232516564176303
X15-1719	2.5087395385552504
X15-1720	4.19342845450093
X15-1722	3.271825802298638
X15-1723	5.145879162013386
X15-1724	5.17766697147275
X15-1725	1.2985799498229822
X15-1732	2.571051355577643
X15-1787	4.752394349968587
X15-17X15	3.650411593126473
X15-802	6.892820012617025
X15-806	5.631322265897305
X15-807	4.7772113635233655
X15-912	6.242705754163277
X15-913	7.515375911309896
X15-914	6.065904307503277
X15-916	5.511630521419449
X15-917	4.790881449392304
X15-918	3.989528784917632
X15-919	4.813387235131097
X15-9X15	4.700704306816116
X16-1102	7.4945981334098635
X16-1103	2.79801958817669
X16-1104	1.9130166346079742
X16-1105	2.707973130793487
X16-1106	7.034786781409481
X16-1108	6.283155082363952
X16-1109	4.218823876951703
X16-1112	5.131355648106981
X16-1113	0.546566635286845
X16-1114	0.15153052362426797
X16-1115	5.291989363080905
X16-1116	4.083894840127614
X16-1117	0.9658195279920546
X16-1118	4.393910165528752
X16-1121	5.018997432470968
X16-1122	2.361948371005914
X16-1123	5.279173429714316
X16-1124	2.804937009590021
X16-1125	4.5308530544826695
X16-1126	5.563454941866819
X16-1127	5.400145018656572
X16-1128	3.6212396891730987
X16-1129	5.171092100946438
X16-1130	2.44807004295876
X16-1131	2.9881102001905364
X16-1132	5.692607546381579
X16-1133	5.687815013305923
X16-1136	5.966277636551216
X16-1140	6.775456947839103
X16-1142	5.934071124757884
X16-1146	7.470836519005227
X16-1150	5.101840449036045
X16-1201	4.329064856365986
X16-1202	5.769765370060922
X16-1203	3.9465869358563306
X16-1204	5.232446690102482
X16-1205	3.1368000443298913
X16-1206	4.549254336495055
X16-1207	6.537222824321444
X16-1208	6.577540426838529
X16-1211	5.473506491331689
X16-1212	4.90099526510059
X16-1213	6.423902807739021
X16-1214	5.674708138702924
X16-1215	3.449458442928652
X16-1216	6.254653688947355
X16-1217	5.960837972435194
X16-1218	4.833800782730643
X16-1219	4.36579937502894
X16-1220	4.983765052219944
X16-1222	6.699063549940704
X16-1223	6.405169917070725
X16-1224	4.588987816467631
X16-1225	5.97809850479898
X16-1226	6.418971153292144
X16-1227	4.646188598728942
X16-1231	3.953332366593297
X16-1232	4.393257427665563
X16-1233	4.416335290812221
X16-1234	5.900070214312294
X16-1236	5.549286403474835
X16-1238	5.221885173621246
X16-1240	6.5845096352440615
X16-1241	6.85520803927931
X16-1242	4.279771045914029
X16-1244	7.244041503568045
X16-1245	5.0473483106180685
X16-1246	3.632051759073595
X16-1247	4.467680308180372
X16-1248	5.901731088471364
X16-1249	5.125369048001511
X16-1250	4.0441704593846755
X16-1251	5.111433394950383
X16-1252	5.83864629591804
X16-1254	6.980031618120877
X16-1255	5.880418737108629
X16-1257	6.9335078875018175
X16-1259	4.147437926495116
X16-1261	2.9297106217145927
X16-1262	3.0052593943161576
X16-1263	4.281012258707042
